old_path,new_path,artifact_type,model,task,training_mode,data_split,date,seed,sha256,status,notes
apps/desktop/models/2026-07-08_emg2pose_1_gesture_classifier.pt,artifacts/legacy-unclassified/root-files/2026-07-08_emg2pose_1_gesture_classifier.pt,pytorch-model,unknown-model,gesture-classification,standard,unknown-split,2026-07-08,unknown,6f2744e51f9b49aad950e85fed361b6f7527a7e6e839d5df5c14676cd8259233,legacy-unclassified,date derived from filesystem modification time; needs review; name/configuration is insufficient for formal naming
apps/desktop/models/best_gesture_classifier.pt,artifacts/legacy-unclassified/root-files/best_gesture_classifier.pt,pytorch-model,unknown-model,gesture-classification,standard,unknown-split,2026-07-08,unknown,227487bd7fb91e757f58aada6589f70d8ea697d8e3bcf3f1bdb99837a5a15c15,legacy-unclassified,date derived from filesystem modification time; needs review; name/configuration is insufficient for formal naming
apps/desktop/models/best_pretrained_lr_sweep_gesture_classifier(2).pt,artifacts/legacy-unclassified/root-files/best_pretrained_lr_sweep_gesture_classifier(2).pt,pytorch-model,unknown-model,gesture-classification,standard,unknown-split,2026-07-09,unknown,424d3ed151d21a5716959ee2bbc8c1487b4f27933714e766f9968c996a42cdc7,legacy-unclassified,date derived from filesystem modification time; needs review; name/configuration is insufficient for formal naming
apps/desktop/models/debug_trial_split/confusion_matrix.csv,artifacts/legacy-unclassified/debug_trial_split/confusion_matrix.csv,csv-artifact,unknown-model,gesture-classification,standard,trial-split,2026-07-08,42,3717651b28382a63f72827272581ad9fc5085c28b1beeb42d532f67323ad0ed8,temporary-review,date derived from filesystem modification time; needs review; temporary-looking name; retain until validation review
apps/desktop/models/debug_trial_split/gesture_classifier.pt,artifacts/legacy-unclassified/debug_trial_split/gesture_classifier.pt,pytorch-model,unknown-model,gesture-classification,standard,trial-split,2026-07-08,42,1e51c4cbf2c2510d30552c9d23d3347466a2ebe3078af4f19b22ea32c3336c89,temporary-review,date derived from filesystem modification time; needs review; temporary-looking name; retain until validation review
apps/desktop/models/debug_trial_split/gesture_classifier.ts,artifacts/legacy-unclassified/debug_trial_split/gesture_classifier.ts,torchscript-model,unknown-model,gesture-classification,standard,trial-split,2026-07-08,42,ad62bb0f6b37404e57cc2192f690a3ca493ff932ebb9028384a7764be0fb3a36,temporary-review,date derived from filesystem modification time; needs review; temporary-looking name; retain until validation review
apps/desktop/models/debug_trial_split/gesture_labels.json,artifacts/legacy-unclassified/debug_trial_split/gesture_labels.json,json-metadata,unknown-model,gesture-classification,standard,trial-split,2026-07-08,42,eff5e7e5e1995d20839cc4d8aa09b79e2fa0ec3e8e8fc3c199c2c7b9fa70e681,temporary-review,date derived from filesystem modification time; needs review; temporary-looking name; retain until validation review
apps/desktop/models/debug_trial_split/model_info.json,artifacts/legacy-unclassified/debug_trial_split/model_info.json,json-metadata,unknown-model,gesture-classification,standard,trial-split,2026-07-08,42,06c15603eda0ac2f0fe8ef8b745abb953428bb5c77d890d5662c4324259345a8,temporary-review,date derived from filesystem modification time; needs review; temporary-looking name; retain until validation review
apps/desktop/models/debug_trial_split/normalization.json,artifacts/legacy-unclassified/debug_trial_split/normalization.json,json-metadata,unknown-model,gesture-classification,standard,trial-split,2026-07-08,42,15ac8c9158c1e361df568b91b97fac498c0fa524758fd9cb73ddae0ee718aa48,temporary-review,date derived from filesystem modification time; needs review; temporary-looking name; retain until validation review
apps/desktop/models/debug_trial_split/train_report.json,artifacts/legacy-unclassified/debug_trial_split/train_report.json,json-report,unknown-model,gesture-classification,standard,trial-split,2026-07-08,42,40382a058d5cb40a37c02be626d14ac3553417453aaba19ee26ad2a276cd3290,temporary-review,date derived from filesystem modification time; needs review; temporary-looking name; retain until validation review
apps/desktop/models/effie_cross_session_cv_v2_continue/cv_report.json,artifacts/models/effie/cross-session-cv/finetune-all/2026-07-09__seed-unknown/cv_report.json,json-report,effie,gesture-classification,finetune-all,cross-session-cv,2026-07-09,unknown,664bcd058cc0a50b1dd96ba21b8108b9f0527b698b024ddfb23c83b42a6bffe2,classified-proposed,date derived from filesystem modification time; needs review
apps/desktop/models/effie_cross_session_cv_v2_continue/fold_session_001/confusion_matrix.csv,artifacts/models/effie/cross-session-cv/finetune-all/2026-07-09__seed-unknown/fold_session_001/confusion_matrix.csv,csv-artifact,effie,gesture-classification,finetune-all,cross-session-cv,2026-07-09,unknown,a02e7b25c296224f6006757456f3e64f2c8d2e04aafecdcb5db737e329613e36,classified-proposed,date derived from filesystem modification time; needs review
apps/desktop/models/effie_cross_session_cv_v2_continue/fold_session_001/gesture_classifier.pt,artifacts/models/effie/cross-session-cv/finetune-all/2026-07-09__seed-unknown/fold_session_001/gesture_classifier.pt,pytorch-model,effie,gesture-classification,finetune-all,cross-session-cv,2026-07-09,unknown,c15eea978ad127244e4e1adf5c50bc94eddedd78b369fe69de7e71be0a7941fe,classified-proposed,date derived from filesystem modification time; needs review
apps/desktop/models/effie_cross_session_cv_v2_continue/fold_session_001/gesture_classifier.ts,artifacts/models/effie/cross-session-cv/finetune-all/2026-07-09__seed-unknown/fold_session_001/gesture_classifier.ts,torchscript-model,effie,gesture-classification,finetune-all,cross-session-cv,2026-07-09,unknown,657e64a9319f78ab9b367e9de8a8416b8530f4b12e267a1a3209c7a4493b9c67,classified-proposed,date derived from filesystem modification time; needs review
apps/desktop/models/effie_cross_session_cv_v2_continue/fold_session_001/gesture_labels.json,artifacts/models/effie/cross-session-cv/finetune-all/2026-07-09__seed-unknown/fold_session_001/gesture_labels.json,json-metadata,effie,gesture-classification,finetune-all,cross-session-cv,2026-07-09,unknown,eff5e7e5e1995d20839cc4d8aa09b79e2fa0ec3e8e8fc3c199c2c7b9fa70e681,classified-proposed,date derived from filesystem modification time; needs review
apps/desktop/models/effie_cross_session_cv_v2_continue/fold_session_001/model_info.json,artifacts/models/effie/cross-session-cv/finetune-all/2026-07-09__seed-unknown/fold_session_001/model_info.json,json-metadata,effie,gesture-classification,finetune-all,cross-session-cv,2026-07-09,unknown,537a038903cf95448fef7eb5d5759f87edffead14fb9856d021ee47b7a1eae4a,classified-proposed,date derived from filesystem modification time; needs review
apps/desktop/models/effie_cross_session_cv_v2_continue/fold_session_001/normalization.json,artifacts/models/effie/cross-session-cv/finetune-all/2026-07-09__seed-unknown/fold_session_001/normalization.json,json-metadata,effie,gesture-classification,finetune-all,cross-session-cv,2026-07-09,unknown,b6b945c5ba1644e378638b7b78e4f0e24c152587c2829fb8f947909293e826cf,classified-proposed,date derived from filesystem modification time; needs review
apps/desktop/models/effie_cross_session_cv_v2_continue/fold_session_001/train_report.json,artifacts/models/effie/cross-session-cv/finetune-all/2026-07-09__seed-unknown/fold_session_001/train_report.json,json-report,effie,gesture-classification,finetune-all,cross-session-cv,2026-07-09,unknown,282b520dc99a0d9dd901573bff8530947fa25f2d4327c412b55a4da2ed74b803,classified-proposed,date derived from filesystem modification time; needs review
apps/desktop/models/effie_cross_session_cv_v2_continue/fold_session_002/confusion_matrix.csv,artifacts/models/effie/cross-session-cv/finetune-all/2026-07-09__seed-unknown/fold_session_002/confusion_matrix.csv,csv-artifact,effie,gesture-classification,finetune-all,cross-session-cv,2026-07-09,unknown,3238019ba5aaaed9ce49ba86f8d56fd861457be16b555f86f81e4d58699a21bc,classified-proposed,date derived from filesystem modification time; needs review
apps/desktop/models/effie_cross_session_cv_v2_continue/fold_session_002/gesture_classifier.pt,artifacts/models/effie/cross-session-cv/finetune-all/2026-07-09__seed-unknown/fold_session_002/gesture_classifier.pt,pytorch-model,effie,gesture-classification,finetune-all,cross-session-cv,2026-07-09,unknown,5530e587e054b5b2dcaf27126d0c3937f59db9999394e0075962c4a14fc251d8,classified-proposed,date derived from filesystem modification time; needs review
apps/desktop/models/effie_cross_session_cv_v2_continue/fold_session_002/gesture_classifier.ts,artifacts/models/effie/cross-session-cv/finetune-all/2026-07-09__seed-unknown/fold_session_002/gesture_classifier.ts,torchscript-model,effie,gesture-classification,finetune-all,cross-session-cv,2026-07-09,unknown,69420c4234821e195b8ae1e5ea5d63b96958b03f04c1ae8b857fa2b492eb1b21,classified-proposed,date derived from filesystem modification time; needs review
apps/desktop/models/effie_cross_session_cv_v2_continue/fold_session_002/gesture_labels.json,artifacts/models/effie/cross-session-cv/finetune-all/2026-07-09__seed-unknown/fold_session_002/gesture_labels.json,json-metadata,effie,gesture-classification,finetune-all,cross-session-cv,2026-07-09,unknown,eff5e7e5e1995d20839cc4d8aa09b79e2fa0ec3e8e8fc3c199c2c7b9fa70e681,classified-proposed,date derived from filesystem modification time; needs review
apps/desktop/models/effie_cross_session_cv_v2_continue/fold_session_002/model_info.json,artifacts/models/effie/cross-session-cv/finetune-all/2026-07-09__seed-unknown/fold_session_002/model_info.json,json-metadata,effie,gesture-classification,finetune-all,cross-session-cv,2026-07-09,unknown,537a038903cf95448fef7eb5d5759f87edffead14fb9856d021ee47b7a1eae4a,classified-proposed,date derived from filesystem modification time; needs review
apps/desktop/models/effie_cross_session_cv_v2_continue/fold_session_002/normalization.json,artifacts/models/effie/cross-session-cv/finetune-all/2026-07-09__seed-unknown/fold_session_002/normalization.json,json-metadata,effie,gesture-classification,finetune-all,cross-session-cv,2026-07-09,unknown,e21220f57618ab954faccb0a58d402774f317a2220efd358b20bdb9573f88783,classified-proposed,date derived from filesystem modification time; needs review
apps/desktop/models/effie_cross_session_cv_v2_continue/fold_session_002/train_report.json,artifacts/models/effie/cross-session-cv/finetune-all/2026-07-09__seed-unknown/fold_session_002/train_report.json,json-report,effie,gesture-classification,finetune-all,cross-session-cv,2026-07-09,unknown,ce0699688208a43d6a477151cc6e00b882de52048d5495868d01f1e39a629094,classified-proposed,date derived from filesystem modification time; needs review
apps/desktop/models/effie_cross_session_cv_v2_continue/fold_session_003/confusion_matrix.csv,artifacts/models/effie/cross-session-cv/finetune-all/2026-07-09__seed-unknown/fold_session_003/confusion_matrix.csv,csv-artifact,effie,gesture-classification,finetune-all,cross-session-cv,2026-07-09,unknown,8529a5dadb772bdb6d35c8c3f9c22bd8159cb3f6f576d18158ec245941695378,classified-proposed,date derived from filesystem modification time; needs review
apps/desktop/models/effie_cross_session_cv_v2_continue/fold_session_003/gesture_classifier.pt,artifacts/models/effie/cross-session-cv/finetune-all/2026-07-09__seed-unknown/fold_session_003/gesture_classifier.pt,pytorch-model,effie,gesture-classification,finetune-all,cross-session-cv,2026-07-09,unknown,00e72b3991e8cb7bebbaccd01f49c9d87caad7ff20d44d1d7d376a44ab20e080,classified-proposed,date derived from filesystem modification time; needs review
apps/desktop/models/effie_cross_session_cv_v2_continue/fold_session_003/gesture_classifier.ts,artifacts/models/effie/cross-session-cv/finetune-all/2026-07-09__seed-unknown/fold_session_003/gesture_classifier.ts,torchscript-model,effie,gesture-classification,finetune-all,cross-session-cv,2026-07-09,unknown,1896209a014e2b6b1b5ba9bb0ed908a413145872d3a35234b920d471fda22956,classified-proposed,date derived from filesystem modification time; needs review
apps/desktop/models/effie_cross_session_cv_v2_continue/fold_session_003/gesture_labels.json,artifacts/models/effie/cross-session-cv/finetune-all/2026-07-09__seed-unknown/fold_session_003/gesture_labels.json,json-metadata,effie,gesture-classification,finetune-all,cross-session-cv,2026-07-09,unknown,eff5e7e5e1995d20839cc4d8aa09b79e2fa0ec3e8e8fc3c199c2c7b9fa70e681,classified-proposed,date derived from filesystem modification time; needs review
apps/desktop/models/effie_cross_session_cv_v2_continue/fold_session_003/model_info.json,artifacts/models/effie/cross-session-cv/finetune-all/2026-07-09__seed-unknown/fold_session_003/model_info.json,json-metadata,effie,gesture-classification,finetune-all,cross-session-cv,2026-07-09,unknown,537a038903cf95448fef7eb5d5759f87edffead14fb9856d021ee47b7a1eae4a,classified-proposed,date derived from filesystem modification time; needs review
apps/desktop/models/effie_cross_session_cv_v2_continue/fold_session_003/normalization.json,artifacts/models/effie/cross-session-cv/finetune-all/2026-07-09__seed-unknown/fold_session_003/normalization.json,json-metadata,effie,gesture-classification,finetune-all,cross-session-cv,2026-07-09,unknown,4dda5831a8dc0e2093f389c07b8d074d19b650ffe0e188dffbbed4f26ece0c72,classified-proposed,date derived from filesystem modification time; needs review
apps/desktop/models/effie_cross_session_cv_v2_continue/fold_session_003/train_report.json,artifacts/models/effie/cross-session-cv/finetune-all/2026-07-09__seed-unknown/fold_session_003/train_report.json,json-report,effie,gesture-classification,finetune-all,cross-session-cv,2026-07-09,unknown,568be1991e926f6acf6ac78d9b8256cfe6483cbdf50d7ba20d7b4de7efd182ea,classified-proposed,date derived from filesystem modification time; needs review
apps/desktop/models/effie_cross_session_cv_v2_continue/fold_session_004/confusion_matrix.csv,artifacts/models/effie/cross-session-cv/finetune-all/2026-07-09__seed-unknown/fold_session_004/confusion_matrix.csv,csv-artifact,effie,gesture-classification,finetune-all,cross-session-cv,2026-07-09,unknown,e1da1b118c11fc13041f2085f4d1e5173b3ba7261e6fbc5384c43bd336c4e83b,classified-proposed,date derived from filesystem modification time; needs review
apps/desktop/models/effie_cross_session_cv_v2_continue/fold_session_004/gesture_classifier.pt,artifacts/models/effie/cross-session-cv/finetune-all/2026-07-09__seed-unknown/fold_session_004/gesture_classifier.pt,pytorch-model,effie,gesture-classification,finetune-all,cross-session-cv,2026-07-09,unknown,28a29ab8c126c0a50514bccfb5f7796796e4c877d82d47203ecdd0213bf348af,classified-proposed,date derived from filesystem modification time; needs review
apps/desktop/models/effie_cross_session_cv_v2_continue/fold_session_004/gesture_classifier.ts,artifacts/models/effie/cross-session-cv/finetune-all/2026-07-09__seed-unknown/fold_session_004/gesture_classifier.ts,torchscript-model,effie,gesture-classification,finetune-all,cross-session-cv,2026-07-09,unknown,8f181ad4a986f7caac8a50350847cd111e99e8ba778bf3812815e19e253f46e4,classified-proposed,date derived from filesystem modification time; needs review
apps/desktop/models/effie_cross_session_cv_v2_continue/fold_session_004/gesture_labels.json,artifacts/models/effie/cross-session-cv/finetune-all/2026-07-09__seed-unknown/fold_session_004/gesture_labels.json,json-metadata,effie,gesture-classification,finetune-all,cross-session-cv,2026-07-09,unknown,eff5e7e5e1995d20839cc4d8aa09b79e2fa0ec3e8e8fc3c199c2c7b9fa70e681,classified-proposed,date derived from filesystem modification time; needs review
apps/desktop/models/effie_cross_session_cv_v2_continue/fold_session_004/model_info.json,artifacts/models/effie/cross-session-cv/finetune-all/2026-07-09__seed-unknown/fold_session_004/model_info.json,json-metadata,effie,gesture-classification,finetune-all,cross-session-cv,2026-07-09,unknown,537a038903cf95448fef7eb5d5759f87edffead14fb9856d021ee47b7a1eae4a,classified-proposed,date derived from filesystem modification time; needs review
apps/desktop/models/effie_cross_session_cv_v2_continue/fold_session_004/normalization.json,artifacts/models/effie/cross-session-cv/finetune-all/2026-07-09__seed-unknown/fold_session_004/normalization.json,json-metadata,effie,gesture-classification,finetune-all,cross-session-cv,2026-07-09,unknown,2d92ae7231a8c165326e394ff25474cb328ae9776a81e036bbdd3816c98cb321,classified-proposed,date derived from filesystem modification time; needs review
apps/desktop/models/effie_cross_session_cv_v2_continue/fold_session_004/train_report.json,artifacts/models/effie/cross-session-cv/finetune-all/2026-07-09__seed-unknown/fold_session_004/train_report.json,json-report,effie,gesture-classification,finetune-all,cross-session-cv,2026-07-09,unknown,582d55556aad24245b33b368da131f63d485b4e13cce3b04db18f99e878119f0,classified-proposed,date derived from filesystem modification time; needs review
apps/desktop/models/effie_cross_session_cv_v2_continue/fold_session_005/confusion_matrix.csv,artifacts/models/effie/cross-session-cv/finetune-all/2026-07-09__seed-unknown/fold_session_005/confusion_matrix.csv,csv-artifact,effie,gesture-classification,finetune-all,cross-session-cv,2026-07-09,unknown,c3b51da932c5fc3687beefc13965cda1c9f193932399962ca618da8ad64275fc,classified-proposed,date derived from filesystem modification time; needs review
apps/desktop/models/effie_cross_session_cv_v2_continue/fold_session_005/gesture_classifier.pt,artifacts/models/effie/cross-session-cv/finetune-all/2026-07-09__seed-unknown/fold_session_005/gesture_classifier.pt,pytorch-model,effie,gesture-classification,finetune-all,cross-session-cv,2026-07-09,unknown,3616e45d1cf93be16097588fe69901351cbd9a4cf35e9ace8ef02977376b32e6,classified-proposed,date derived from filesystem modification time; needs review
apps/desktop/models/effie_cross_session_cv_v2_continue/fold_session_005/gesture_classifier.ts,artifacts/models/effie/cross-session-cv/finetune-all/2026-07-09__seed-unknown/fold_session_005/gesture_classifier.ts,torchscript-model,effie,gesture-classification,finetune-all,cross-session-cv,2026-07-09,unknown,fe8741a584d48730b9042c61c1782db2c885df2107d7e12d32f98a1af67b3c6a,classified-proposed,date derived from filesystem modification time; needs review
apps/desktop/models/effie_cross_session_cv_v2_continue/fold_session_005/gesture_labels.json,artifacts/models/effie/cross-session-cv/finetune-all/2026-07-09__seed-unknown/fold_session_005/gesture_labels.json,json-metadata,effie,gesture-classification,finetune-all,cross-session-cv,2026-07-09,unknown,eff5e7e5e1995d20839cc4d8aa09b79e2fa0ec3e8e8fc3c199c2c7b9fa70e681,classified-proposed,date derived from filesystem modification time; needs review
apps/desktop/models/effie_cross_session_cv_v2_continue/fold_session_005/model_info.json,artifacts/models/effie/cross-session-cv/finetune-all/2026-07-09__seed-unknown/fold_session_005/model_info.json,json-metadata,effie,gesture-classification,finetune-all,cross-session-cv,2026-07-09,unknown,537a038903cf95448fef7eb5d5759f87edffead14fb9856d021ee47b7a1eae4a,classified-proposed,date derived from filesystem modification time; needs review
apps/desktop/models/effie_cross_session_cv_v2_continue/fold_session_005/normalization.json,artifacts/models/effie/cross-session-cv/finetune-all/2026-07-09__seed-unknown/fold_session_005/normalization.json,json-metadata,effie,gesture-classification,finetune-all,cross-session-cv,2026-07-09,unknown,f7e00c45918ce7430c380c65c30e58d4cd7a51c7aeb97c11b5cd7ada2348dfac,classified-proposed,date derived from filesystem modification time; needs review
apps/desktop/models/effie_cross_session_cv_v2_continue/fold_session_005/train_report.json,artifacts/models/effie/cross-session-cv/finetune-all/2026-07-09__seed-unknown/fold_session_005/train_report.json,json-report,effie,gesture-classification,finetune-all,cross-session-cv,2026-07-09,unknown,d97df4992e11938e724bda3fd2c6a0e669f2961dba2e2f32df30d2cece45be67,classified-proposed,date derived from filesystem modification time; needs review
apps/desktop/models/effie_cross_session_cv_v2_continue/fold_session_009/confusion_matrix.csv,artifacts/models/effie/cross-session-cv/finetune-all/2026-07-09__seed-unknown/fold_session_009/confusion_matrix.csv,csv-artifact,effie,gesture-classification,finetune-all,cross-session-cv,2026-07-09,unknown,17618147ff4628c24e2a665316566a084358d29eb3551bbf373830e5ffd47362,classified-proposed,date derived from filesystem modification time; needs review
apps/desktop/models/effie_cross_session_cv_v2_continue/fold_session_009/gesture_classifier.pt,artifacts/models/effie/cross-session-cv/finetune-all/2026-07-09__seed-unknown/fold_session_009/gesture_classifier.pt,pytorch-model,effie,gesture-classification,finetune-all,cross-session-cv,2026-07-09,unknown,9fb1c6adc28532b53e0edcedc57cff034fe6808ddde26b4af09c1e86aae8a1c0,classified-proposed,date derived from filesystem modification time; needs review
apps/desktop/models/effie_cross_session_cv_v2_continue/fold_session_009/gesture_classifier.ts,artifacts/models/effie/cross-session-cv/finetune-all/2026-07-09__seed-unknown/fold_session_009/gesture_classifier.ts,torchscript-model,effie,gesture-classification,finetune-all,cross-session-cv,2026-07-09,unknown,54b580dd8506f7d5ff4ca786ff92b8d2ef6d0128c6c29497db6850f48e960868,classified-proposed,date derived from filesystem modification time; needs review
apps/desktop/models/effie_cross_session_cv_v2_continue/fold_session_009/gesture_labels.json,artifacts/models/effie/cross-session-cv/finetune-all/2026-07-09__seed-unknown/fold_session_009/gesture_labels.json,json-metadata,effie,gesture-classification,finetune-all,cross-session-cv,2026-07-09,unknown,eff5e7e5e1995d20839cc4d8aa09b79e2fa0ec3e8e8fc3c199c2c7b9fa70e681,classified-proposed,date derived from filesystem modification time; needs review
apps/desktop/models/effie_cross_session_cv_v2_continue/fold_session_009/model_info.json,artifacts/models/effie/cross-session-cv/finetune-all/2026-07-09__seed-unknown/fold_session_009/model_info.json,json-metadata,effie,gesture-classification,finetune-all,cross-session-cv,2026-07-09,unknown,537a038903cf95448fef7eb5d5759f87edffead14fb9856d021ee47b7a1eae4a,classified-proposed,date derived from filesystem modification time; needs review
apps/desktop/models/effie_cross_session_cv_v2_continue/fold_session_009/normalization.json,artifacts/models/effie/cross-session-cv/finetune-all/2026-07-09__seed-unknown/fold_session_009/normalization.json,json-metadata,effie,gesture-classification,finetune-all,cross-session-cv,2026-07-09,unknown,f0a66cf4eaa7a1f53758c08df49201d05feeac4950b17d9ac48554f162d77893,classified-proposed,date derived from filesystem modification time; needs review
apps/desktop/models/effie_cross_session_cv_v2_continue/fold_session_009/train_report.json,artifacts/models/effie/cross-session-cv/finetune-all/2026-07-09__seed-unknown/fold_session_009/train_report.json,json-report,effie,gesture-classification,finetune-all,cross-session-cv,2026-07-09,unknown,a7d6f67828642912adeded881b4d90cc820e94d6d05d44c3d34171ff94a961e8,classified-proposed,date derived from filesystem modification time; needs review
apps/desktop/models/effie_cross_session_cv_v2_continue/fold_session_011/confusion_matrix.csv,artifacts/models/effie/cross-session-cv/finetune-all/2026-07-09__seed-unknown/fold_session_011/confusion_matrix.csv,csv-artifact,effie,gesture-classification,finetune-all,cross-session-cv,2026-07-09,unknown,a5545ce86db5457ef33967937dcd5e781d25b661ab3c100345ea8a806c4b1cb2,classified-proposed,date derived from filesystem modification time; needs review
apps/desktop/models/effie_cross_session_cv_v2_continue/fold_session_011/gesture_classifier.pt,artifacts/models/effie/cross-session-cv/finetune-all/2026-07-09__seed-unknown/fold_session_011/gesture_classifier.pt,pytorch-model,effie,gesture-classification,finetune-all,cross-session-cv,2026-07-09,unknown,de51444083e05ec9ac229354bc30bb43119e8c8825d85c3ab45229ad919c2779,classified-proposed,date derived from filesystem modification time; needs review
apps/desktop/models/effie_cross_session_cv_v2_continue/fold_session_011/gesture_classifier.ts,artifacts/models/effie/cross-session-cv/finetune-all/2026-07-09__seed-unknown/fold_session_011/gesture_classifier.ts,torchscript-model,effie,gesture-classification,finetune-all,cross-session-cv,2026-07-09,unknown,bf528d417218c1315171e54a4df7fef05451e9f4764e84b93e895e424bf84023,classified-proposed,date derived from filesystem modification time; needs review
apps/desktop/models/effie_cross_session_cv_v2_continue/fold_session_011/gesture_labels.json,artifacts/models/effie/cross-session-cv/finetune-all/2026-07-09__seed-unknown/fold_session_011/gesture_labels.json,json-metadata,effie,gesture-classification,finetune-all,cross-session-cv,2026-07-09,unknown,eff5e7e5e1995d20839cc4d8aa09b79e2fa0ec3e8e8fc3c199c2c7b9fa70e681,classified-proposed,date derived from filesystem modification time; needs review
apps/desktop/models/effie_cross_session_cv_v2_continue/fold_session_011/model_info.json,artifacts/models/effie/cross-session-cv/finetune-all/2026-07-09__seed-unknown/fold_session_011/model_info.json,json-metadata,effie,gesture-classification,finetune-all,cross-session-cv,2026-07-09,unknown,537a038903cf95448fef7eb5d5759f87edffead14fb9856d021ee47b7a1eae4a,classified-proposed,date derived from filesystem modification time; needs review
apps/desktop/models/effie_cross_session_cv_v2_continue/fold_session_011/normalization.json,artifacts/models/effie/cross-session-cv/finetune-all/2026-07-09__seed-unknown/fold_session_011/normalization.json,json-metadata,effie,gesture-classification,finetune-all,cross-session-cv,2026-07-09,unknown,89724ab88ec33f9d355495da81bbceccf83ccfd004cb5547377188d81cdea242,classified-proposed,date derived from filesystem modification time; needs review
apps/desktop/models/effie_cross_session_cv_v2_continue/fold_session_011/train_report.json,artifacts/models/effie/cross-session-cv/finetune-all/2026-07-09__seed-unknown/fold_session_011/train_report.json,json-report,effie,gesture-classification,finetune-all,cross-session-cv,2026-07-09,unknown,e1330061cf791fd57143024cc826f8c77ab6cc92ecad0e244ea39b176a4a3750,classified-proposed,date derived from filesystem modification time; needs review
apps/desktop/models/effie_cross_session_cv_v2_continue/fold_session_012/confusion_matrix.csv,artifacts/models/effie/cross-session-cv/finetune-all/2026-07-09__seed-unknown/fold_session_012/confusion_matrix.csv,csv-artifact,effie,gesture-classification,finetune-all,cross-session-cv,2026-07-09,unknown,a025355278805460481cf3658af4f21885170bd58483159642666436bd605629,classified-proposed,date derived from filesystem modification time; needs review
apps/desktop/models/effie_cross_session_cv_v2_continue/fold_session_012/gesture_classifier.pt,artifacts/models/effie/cross-session-cv/finetune-all/2026-07-09__seed-unknown/fold_session_012/gesture_classifier.pt,pytorch-model,effie,gesture-classification,finetune-all,cross-session-cv,2026-07-09,unknown,fb3f7af49ce94aa3ce74c9f373ef5c5549d1b006eb6697d71ef3fb16c4eed18c,classified-proposed,date derived from filesystem modification time; needs review
apps/desktop/models/effie_cross_session_cv_v2_continue/fold_session_012/gesture_classifier.ts,artifacts/models/effie/cross-session-cv/finetune-all/2026-07-09__seed-unknown/fold_session_012/gesture_classifier.ts,torchscript-model,effie,gesture-classification,finetune-all,cross-session-cv,2026-07-09,unknown,9161ef154aa97010746c2c51f3e9948d031e6dd3bcdc61df0e6e996d2a98be2a,classified-proposed,date derived from filesystem modification time; needs review
apps/desktop/models/effie_cross_session_cv_v2_continue/fold_session_012/gesture_labels.json,artifacts/models/effie/cross-session-cv/finetune-all/2026-07-09__seed-unknown/fold_session_012/gesture_labels.json,json-metadata,effie,gesture-classification,finetune-all,cross-session-cv,2026-07-09,unknown,eff5e7e5e1995d20839cc4d8aa09b79e2fa0ec3e8e8fc3c199c2c7b9fa70e681,classified-proposed,date derived from filesystem modification time; needs review
apps/desktop/models/effie_cross_session_cv_v2_continue/fold_session_012/model_info.json,artifacts/models/effie/cross-session-cv/finetune-all/2026-07-09__seed-unknown/fold_session_012/model_info.json,json-metadata,effie,gesture-classification,finetune-all,cross-session-cv,2026-07-09,unknown,537a038903cf95448fef7eb5d5759f87edffead14fb9856d021ee47b7a1eae4a,classified-proposed,date derived from filesystem modification time; needs review
apps/desktop/models/effie_cross_session_cv_v2_continue/fold_session_012/normalization.json,artifacts/models/effie/cross-session-cv/finetune-all/2026-07-09__seed-unknown/fold_session_012/normalization.json,json-metadata,effie,gesture-classification,finetune-all,cross-session-cv,2026-07-09,unknown,bfeb48e8269753de42c31783c64026ea768b14d9077394ebfdcff78b3146495d,classified-proposed,date derived from filesystem modification time; needs review
apps/desktop/models/effie_cross_session_cv_v2_continue/fold_session_012/train_report.json,artifacts/models/effie/cross-session-cv/finetune-all/2026-07-09__seed-unknown/fold_session_012/train_report.json,json-report,effie,gesture-classification,finetune-all,cross-session-cv,2026-07-09,unknown,fbb43bc2ab926c717b5389a417c204bf6d9abb13110831c4f179cb0f472fb71a,classified-proposed,date derived from filesystem modification time; needs review
apps/desktop/models/effie_cross_session_cv_v2_continue/fold_session_013/confusion_matrix.csv,artifacts/models/effie/cross-session-cv/finetune-all/2026-07-09__seed-unknown/fold_session_013/confusion_matrix.csv,csv-artifact,effie,gesture-classification,finetune-all,cross-session-cv,2026-07-09,unknown,5f80be6a6a544effc6b483d7529ef9dad80c409ec3a6aeaa0eb5b1a60008bc13,classified-proposed,date derived from filesystem modification time; needs review
apps/desktop/models/effie_cross_session_cv_v2_continue/fold_session_013/gesture_classifier.pt,artifacts/duplicate-review/effie_cross_session_cv_v2_continue/fold_session_013/gesture_classifier.pt,pytorch-model,effie,gesture-classification,finetune-all,cross-session-cv,2026-07-09,unknown,8d3ea43135771d78c1639ad580e8156d38141d0ab56e7901a34c1ea6149f5520,suspected-duplicate,date derived from filesystem modification time; needs review; same SHA-256 as: apps/desktop/models/effie_cross_session_cv_v2_continue/fold_session_013/gesture_classifier.pt | apps/desktop/models/effie_real_full_v2_continue_session/gesture_classifier.pt; proposed duplicate-review hold; do not delete
apps/desktop/models/effie_cross_session_cv_v2_continue/fold_session_013/gesture_classifier.ts,artifacts/models/effie/cross-session-cv/finetune-all/2026-07-09__seed-unknown/fold_session_013/gesture_classifier.ts,torchscript-model,effie,gesture-classification,finetune-all,cross-session-cv,2026-07-09,unknown,cb67a5153fc9d9f57daf5c2ade063e98d77745cb8101458de703290e58ac451c,classified-proposed,date derived from filesystem modification time; needs review
apps/desktop/models/effie_cross_session_cv_v2_continue/fold_session_013/gesture_labels.json,artifacts/models/effie/cross-session-cv/finetune-all/2026-07-09__seed-unknown/fold_session_013/gesture_labels.json,json-metadata,effie,gesture-classification,finetune-all,cross-session-cv,2026-07-09,unknown,eff5e7e5e1995d20839cc4d8aa09b79e2fa0ec3e8e8fc3c199c2c7b9fa70e681,classified-proposed,date derived from filesystem modification time; needs review
apps/desktop/models/effie_cross_session_cv_v2_continue/fold_session_013/model_info.json,artifacts/models/effie/cross-session-cv/finetune-all/2026-07-09__seed-unknown/fold_session_013/model_info.json,json-metadata,effie,gesture-classification,finetune-all,cross-session-cv,2026-07-09,unknown,537a038903cf95448fef7eb5d5759f87edffead14fb9856d021ee47b7a1eae4a,classified-proposed,date derived from filesystem modification time; needs review
apps/desktop/models/effie_cross_session_cv_v2_continue/fold_session_013/normalization.json,artifacts/models/effie/cross-session-cv/finetune-all/2026-07-09__seed-unknown/fold_session_013/normalization.json,json-metadata,effie,gesture-classification,finetune-all,cross-session-cv,2026-07-09,unknown,daf59cd00097f514bde11426c2106d60d5128a2ec4fee6a1aff7ff2c5a1dcd1b,classified-proposed,date derived from filesystem modification time; needs review
apps/desktop/models/effie_cross_session_cv_v2_continue/fold_session_013/train_report.json,artifacts/models/effie/cross-session-cv/finetune-all/2026-07-09__seed-unknown/fold_session_013/train_report.json,json-report,effie,gesture-classification,finetune-all,cross-session-cv,2026-07-09,unknown,9cfae9bc3deb889b1f6d37854101a3855032ba9277f75b4f7b141e8eee088a5f,classified-proposed,date derived from filesystem modification time; needs review
apps/desktop/models/effie_data_smoke/confusion_matrix.csv,artifacts/legacy-unclassified/effie_data_smoke/confusion_matrix.csv,csv-artifact,effie,gesture-classification,freeze-backbone,trial-split,2026-07-09,unknown,db03771305de0513f58f51fd1c6064ef966659ff8f34b7a2fb1136e6cd0bc50e,temporary-review,date derived from filesystem modification time; needs review; temporary-looking name; retain until validation review
apps/desktop/models/effie_data_smoke/gesture_classifier.pt,artifacts/legacy-unclassified/effie_data_smoke/gesture_classifier.pt,pytorch-model,effie,gesture-classification,freeze-backbone,trial-split,2026-07-09,unknown,462be84ad09437de5deb531b5fa5f57547e327ff95ea94ed15b28be455ebe5aa,temporary-review,date derived from filesystem modification time; needs review; temporary-looking name; retain until validation review
apps/desktop/models/effie_data_smoke/gesture_classifier.ts,artifacts/legacy-unclassified/effie_data_smoke/gesture_classifier.ts,torchscript-model,effie,gesture-classification,freeze-backbone,trial-split,2026-07-09,unknown,6ff82279a2a0ebc721b14d69d64670314759014eba29ace00a89e967901b858a,temporary-review,date derived from filesystem modification time; needs review; temporary-looking name; retain until validation review
apps/desktop/models/effie_data_smoke/gesture_labels.json,artifacts/legacy-unclassified/effie_data_smoke/gesture_labels.json,json-metadata,effie,gesture-classification,freeze-backbone,trial-split,2026-07-09,unknown,eff5e7e5e1995d20839cc4d8aa09b79e2fa0ec3e8e8fc3c199c2c7b9fa70e681,temporary-review,date derived from filesystem modification time; needs review; temporary-looking name; retain until validation review
apps/desktop/models/effie_data_smoke/model_info.json,artifacts/legacy-unclassified/effie_data_smoke/model_info.json,json-metadata,effie,gesture-classification,freeze-backbone,trial-split,2026-07-09,unknown,537a038903cf95448fef7eb5d5759f87edffead14fb9856d021ee47b7a1eae4a,temporary-review,date derived from filesystem modification time; needs review; temporary-looking name; retain until validation review
apps/desktop/models/effie_data_smoke/normalization.json,artifacts/legacy-unclassified/effie_data_smoke/normalization.json,json-metadata,effie,gesture-classification,freeze-backbone,trial-split,2026-07-09,unknown,65b95a9b0ff04cad4e0faee594c2fa9200fc1d918f9ae30688039b4c52194fa0,temporary-review,date derived from filesystem modification time; needs review; temporary-looking name; retain until validation review
apps/desktop/models/effie_data_smoke/train_report.json,artifacts/legacy-unclassified/effie_data_smoke/train_report.json,json-report,effie,gesture-classification,freeze-backbone,trial-split,2026-07-09,unknown,32144876c919331e9632fb0d0fb2fb9056dcd2ba01123f1cd9586185697d6e83,temporary-review,date derived from filesystem modification time; needs review; temporary-looking name; retain until validation review
apps/desktop/models/effie_real_freeze_v1/confusion_matrix.csv,artifacts/models/effie/trial-split/freeze-backbone/2026-07-09__seed-unknown/confusion_matrix.csv,csv-artifact,effie,gesture-classification,freeze-backbone,trial-split,2026-07-09,unknown,8133ac9e9cdf3af023942964f17aad2d64654257b29390899c1b154d346c2ed3,classified-proposed,date derived from filesystem modification time; needs review
apps/desktop/models/effie_real_freeze_v1/gesture_classifier.pt,artifacts/models/effie/trial-split/freeze-backbone/2026-07-09__seed-unknown/gesture_classifier.pt,pytorch-model,effie,gesture-classification,freeze-backbone,trial-split,2026-07-09,unknown,b63bcfdecc1d9057849be97eb801def1280b5f65ee33a552868f6f909d8fbadd,classified-proposed,date derived from filesystem modification time; needs review
apps/desktop/models/effie_real_freeze_v1/gesture_classifier.ts,artifacts/models/effie/trial-split/freeze-backbone/2026-07-09__seed-unknown/gesture_classifier.ts,torchscript-model,effie,gesture-classification,freeze-backbone,trial-split,2026-07-09,unknown,0a59bdbcebbd1f4689b355dc0c1509075c7e5d5eaea287044f524c322f4b3a69,classified-proposed,date derived from filesystem modification time; needs review
apps/desktop/models/effie_real_freeze_v1/gesture_labels.json,artifacts/models/effie/trial-split/freeze-backbone/2026-07-09__seed-unknown/gesture_labels.json,json-metadata,effie,gesture-classification,freeze-backbone,trial-split,2026-07-09,unknown,eff5e7e5e1995d20839cc4d8aa09b79e2fa0ec3e8e8fc3c199c2c7b9fa70e681,classified-proposed,date derived from filesystem modification time; needs review
apps/desktop/models/effie_real_freeze_v1/model_info.json,artifacts/models/effie/trial-split/freeze-backbone/2026-07-09__seed-unknown/model_info.json,json-metadata,effie,gesture-classification,freeze-backbone,trial-split,2026-07-09,unknown,537a038903cf95448fef7eb5d5759f87edffead14fb9856d021ee47b7a1eae4a,classified-proposed,date derived from filesystem modification time; needs review
apps/desktop/models/effie_real_freeze_v1/normalization.json,artifacts/models/effie/trial-split/freeze-backbone/2026-07-09__seed-unknown/normalization.json,json-metadata,effie,gesture-classification,freeze-backbone,trial-split,2026-07-09,unknown,4f4c31b66ae347572599d9226b9b7ad2564530f3ea7a0794c67f8e9d9a9894d4,classified-proposed,date derived from filesystem modification time; needs review
apps/desktop/models/effie_real_freeze_v1/train_report.json,artifacts/models/effie/trial-split/freeze-backbone/2026-07-09__seed-unknown/train_report.json,json-report,effie,gesture-classification,freeze-backbone,trial-split,2026-07-09,unknown,3deedf29d12df89a7ee98ded6ff315c4672ab30cb2d4c9c86a1a3194b8a0255a,classified-proposed,date derived from filesystem modification time; needs review
apps/desktop/models/effie_real_full_session_v1/confusion_matrix.csv,artifacts/models/effie/session-split/finetune-all/2026-07-09__seed-unknown/confusion_matrix.csv,csv-artifact,effie,gesture-classification,finetune-all,session-split,2026-07-09,unknown,3a869cad2ea1bed7599bab3b821f1ccdd66f492b51c4cd3516d1a670041d20aa,classified-proposed,date derived from filesystem modification time; needs review
apps/desktop/models/effie_real_full_session_v1/gesture_classifier.pt,artifacts/models/effie/session-split/finetune-all/2026-07-09__seed-unknown/gesture_classifier.pt,pytorch-model,effie,gesture-classification,finetune-all,session-split,2026-07-09,unknown,cd37e0109adcf27c50b60001615a5e0fb2276a0b4af180f86e73bc7d86f9e615,classified-proposed,date derived from filesystem modification time; needs review
apps/desktop/models/effie_real_full_session_v1/gesture_classifier.ts,artifacts/models/effie/session-split/finetune-all/2026-07-09__seed-unknown/gesture_classifier.ts,torchscript-model,effie,gesture-classification,finetune-all,session-split,2026-07-09,unknown,65d2ea12fa85f3c64f9a596ba6703552486f4f930c0894a923fedd3a51947a7e,classified-proposed,date derived from filesystem modification time; needs review
apps/desktop/models/effie_real_full_session_v1/gesture_labels.json,artifacts/models/effie/session-split/finetune-all/2026-07-09__seed-unknown/gesture_labels.json,json-metadata,effie,gesture-classification,finetune-all,session-split,2026-07-09,unknown,eff5e7e5e1995d20839cc4d8aa09b79e2fa0ec3e8e8fc3c199c2c7b9fa70e681,classified-proposed,date derived from filesystem modification time; needs review
apps/desktop/models/effie_real_full_session_v1/model_info.json,artifacts/models/effie/session-split/finetune-all/2026-07-09__seed-unknown/model_info.json,json-metadata,effie,gesture-classification,finetune-all,session-split,2026-07-09,unknown,537a038903cf95448fef7eb5d5759f87edffead14fb9856d021ee47b7a1eae4a,classified-proposed,date derived from filesystem modification time; needs review
apps/desktop/models/effie_real_full_session_v1/normalization.json,artifacts/models/effie/session-split/finetune-all/2026-07-09__seed-unknown/normalization.json,json-metadata,effie,gesture-classification,finetune-all,session-split,2026-07-09,unknown,10b80375d62feaf4bed8aef8f65353eda946d9310e93de177e82180208ca737b,classified-proposed,date derived from filesystem modification time; needs review
apps/desktop/models/effie_real_full_session_v1/train_report.json,artifacts/models/effie/session-split/finetune-all/2026-07-09__seed-unknown/train_report.json,json-report,effie,gesture-classification,finetune-all,session-split,2026-07-09,unknown,bd24ca3b1cb86997de7d9c962c3996293f8c08ab32168d72186e2529b69efc62,classified-proposed,date derived from filesystem modification time; needs review
apps/desktop/models/effie_real_full_v1/confusion_matrix.csv,artifacts/models/effie/trial-split/finetune-all/2026-07-09__seed-unknown/confusion_matrix.csv,csv-artifact,effie,gesture-classification,finetune-all,trial-split,2026-07-09,unknown,0bde3d420694a7117b8b0817ec26660b280979be9e7940a33f5f2a4039fad891,classified-proposed,date derived from filesystem modification time; needs review
apps/desktop/models/effie_real_full_v1/gesture_classifier.pt,artifacts/models/effie/trial-split/finetune-all/2026-07-09__seed-unknown/gesture_classifier.pt,pytorch-model,effie,gesture-classification,finetune-all,trial-split,2026-07-09,unknown,d8e5b2750331b31055ced2d2879f5bfeb794fc9615fa2f45b4c1da64e9e75c7e,classified-proposed,date derived from filesystem modification time; needs review
apps/desktop/models/effie_real_full_v1/gesture_classifier.ts,artifacts/models/effie/trial-split/finetune-all/2026-07-09__seed-unknown/gesture_classifier.ts,torchscript-model,effie,gesture-classification,finetune-all,trial-split,2026-07-09,unknown,4a6d4891450dfac6e463220da6daeae87005e7996ed4de697e1da591a90d0bdb,classified-proposed,date derived from filesystem modification time; needs review
apps/desktop/models/effie_real_full_v1/gesture_labels.json,artifacts/models/effie/trial-split/finetune-all/2026-07-09__seed-unknown/gesture_labels.json,json-metadata,effie,gesture-classification,finetune-all,trial-split,2026-07-09,unknown,eff5e7e5e1995d20839cc4d8aa09b79e2fa0ec3e8e8fc3c199c2c7b9fa70e681,classified-proposed,date derived from filesystem modification time; needs review
apps/desktop/models/effie_real_full_v1/model_info.json,artifacts/models/effie/trial-split/finetune-all/2026-07-09__seed-unknown/model_info.json,json-metadata,effie,gesture-classification,finetune-all,trial-split,2026-07-09,unknown,537a038903cf95448fef7eb5d5759f87edffead14fb9856d021ee47b7a1eae4a,classified-proposed,date derived from filesystem modification time; needs review
apps/desktop/models/effie_real_full_v1/normalization.json,artifacts/models/effie/trial-split/finetune-all/2026-07-09__seed-unknown/normalization.json,json-metadata,effie,gesture-classification,finetune-all,trial-split,2026-07-09,unknown,4f4c31b66ae347572599d9226b9b7ad2564530f3ea7a0794c67f8e9d9a9894d4,classified-proposed,date derived from filesystem modification time; needs review
apps/desktop/models/effie_real_full_v1/train_report.json,artifacts/models/effie/trial-split/finetune-all/2026-07-09__seed-unknown/train_report.json,json-report,effie,gesture-classification,finetune-all,trial-split,2026-07-09,unknown,9d14c138af18ba810a09abb0b4338e2e6b6422b6b4c3685947967a67b90f5b13,classified-proposed,date derived from filesystem modification time; needs review
apps/desktop/models/effie_real_full_v2/confusion_matrix.csv,artifacts/models/effie/trial-split/finetune-all/2026-07-09__seed-unknown/confusion_matrix.csv,csv-artifact,effie,gesture-classification,finetune-all,trial-split,2026-07-09,unknown,9687a53e83b357e728ab9f55a78fd02242c713f00fa858b497407b93b564f46e,classified-proposed,date derived from filesystem modification time; needs review
apps/desktop/models/effie_real_full_v2/gesture_classifier.pt,artifacts/models/effie/trial-split/finetune-all/2026-07-09__seed-unknown/gesture_classifier.pt,pytorch-model,effie,gesture-classification,finetune-all,trial-split,2026-07-09,unknown,9ae3a9a68080990a382cfda6b2a837bdbbe163e88d56977426bce6b884060d43,classified-proposed,date derived from filesystem modification time; needs review
apps/desktop/models/effie_real_full_v2/gesture_classifier.ts,artifacts/models/effie/trial-split/finetune-all/2026-07-09__seed-unknown/gesture_classifier.ts,torchscript-model,effie,gesture-classification,finetune-all,trial-split,2026-07-09,unknown,5bb41bd7ac6e2828a5b76bbabe67cad5d81d64652e7e5326fd2e166791650118,classified-proposed,date derived from filesystem modification time; needs review
apps/desktop/models/effie_real_full_v2/gesture_labels.json,artifacts/models/effie/trial-split/finetune-all/2026-07-09__seed-unknown/gesture_labels.json,json-metadata,effie,gesture-classification,finetune-all,trial-split,2026-07-09,unknown,eff5e7e5e1995d20839cc4d8aa09b79e2fa0ec3e8e8fc3c199c2c7b9fa70e681,classified-proposed,date derived from filesystem modification time; needs review
apps/desktop/models/effie_real_full_v2/model_info.json,artifacts/models/effie/trial-split/finetune-all/2026-07-09__seed-unknown/model_info.json,json-metadata,effie,gesture-classification,finetune-all,trial-split,2026-07-09,unknown,537a038903cf95448fef7eb5d5759f87edffead14fb9856d021ee47b7a1eae4a,classified-proposed,date derived from filesystem modification time; needs review
apps/desktop/models/effie_real_full_v2/normalization.json,artifacts/models/effie/trial-split/finetune-all/2026-07-09__seed-unknown/normalization.json,json-metadata,effie,gesture-classification,finetune-all,trial-split,2026-07-09,unknown,b88c7116fa31e8425885385f75f4cb12115e2658c1dfd8f600c3a986f52442bc,classified-proposed,date derived from filesystem modification time; needs review
apps/desktop/models/effie_real_full_v2/train_report.json,artifacts/models/effie/trial-split/finetune-all/2026-07-09__seed-unknown/train_report.json,json-report,effie,gesture-classification,finetune-all,trial-split,2026-07-09,unknown,6759aaeae55e4ee1193433b729ec9db359e89e4498f8b578f4b668ff3fbebb61,classified-proposed,date derived from filesystem modification time; needs review
apps/desktop/models/effie_real_full_v2_continue/confusion_matrix.csv,artifacts/models/effie/trial-split/finetune-all/2026-07-09__seed-unknown/confusion_matrix.csv,csv-artifact,effie,gesture-classification,finetune-all,trial-split,2026-07-09,unknown,8ecc8e953c98d4f83b217d153d7e398c8e52c133d239c69c3cc2c78221b69e33,classified-proposed,date derived from filesystem modification time; needs review
apps/desktop/models/effie_real_full_v2_continue/gesture_classifier.pt,artifacts/duplicate-review/effie_real_full_v2_continue/gesture_classifier.pt,pytorch-model,effie,gesture-classification,finetune-all,trial-split,2026-07-09,unknown,4d70d8e1d836c1adf7afde1cf94cdf446ac4e7a67bcf844b2a8fb3f91b7d786f,suspected-duplicate,date derived from filesystem modification time; needs review; same SHA-256 as: apps/desktop/models/effie_real_full_v2_continue/gesture_classifier.pt | apps/desktop/models/now/gesture_classifier(1).pt; proposed duplicate-review hold; do not delete
apps/desktop/models/effie_real_full_v2_continue/gesture_classifier.ts,artifacts/models/effie/trial-split/finetune-all/2026-07-09__seed-unknown/gesture_classifier.ts,torchscript-model,effie,gesture-classification,finetune-all,trial-split,2026-07-09,unknown,7a8211c131dd421afb05657e6ffb3637c1c6c75db3951647d2005749271f357e,classified-proposed,date derived from filesystem modification time; needs review
apps/desktop/models/effie_real_full_v2_continue/gesture_labels.json,artifacts/models/effie/trial-split/finetune-all/2026-07-09__seed-unknown/gesture_labels.json,json-metadata,effie,gesture-classification,finetune-all,trial-split,2026-07-09,unknown,eff5e7e5e1995d20839cc4d8aa09b79e2fa0ec3e8e8fc3c199c2c7b9fa70e681,classified-proposed,date derived from filesystem modification time; needs review
apps/desktop/models/effie_real_full_v2_continue/model_info.json,artifacts/models/effie/trial-split/finetune-all/2026-07-09__seed-unknown/model_info.json,json-metadata,effie,gesture-classification,finetune-all,trial-split,2026-07-09,unknown,537a038903cf95448fef7eb5d5759f87edffead14fb9856d021ee47b7a1eae4a,classified-proposed,date derived from filesystem modification time; needs review
apps/desktop/models/effie_real_full_v2_continue/normalization.json,artifacts/models/effie/trial-split/finetune-all/2026-07-09__seed-unknown/normalization.json,json-metadata,effie,gesture-classification,finetune-all,trial-split,2026-07-09,unknown,b88c7116fa31e8425885385f75f4cb12115e2658c1dfd8f600c3a986f52442bc,classified-proposed,date derived from filesystem modification time; needs review
apps/desktop/models/effie_real_full_v2_continue/train_report.json,artifacts/models/effie/trial-split/finetune-all/2026-07-09__seed-unknown/train_report.json,json-report,effie,gesture-classification,finetune-all,trial-split,2026-07-09,unknown,7b10d58f4d81dca9a2d65a558362185e02a52607db03a7a2940ec02af7a341d0,classified-proposed,date derived from filesystem modification time; needs review
apps/desktop/models/effie_real_full_v2_continue_session/confusion_matrix.csv,artifacts/models/effie/session-split/finetune-all/2026-07-09__seed-unknown/confusion_matrix.csv,csv-artifact,effie,gesture-classification,finetune-all,session-split,2026-07-09,unknown,5f80be6a6a544effc6b483d7529ef9dad80c409ec3a6aeaa0eb5b1a60008bc13,classified-proposed,date derived from filesystem modification time; needs review
apps/desktop/models/effie_real_full_v2_continue_session/gesture_classifier.pt,artifacts/duplicate-review/effie_real_full_v2_continue_session/gesture_classifier.pt,pytorch-model,effie,gesture-classification,finetune-all,session-split,2026-07-09,unknown,8d3ea43135771d78c1639ad580e8156d38141d0ab56e7901a34c1ea6149f5520,suspected-duplicate,date derived from filesystem modification time; needs review; same SHA-256 as: apps/desktop/models/effie_cross_session_cv_v2_continue/fold_session_013/gesture_classifier.pt | apps/desktop/models/effie_real_full_v2_continue_session/gesture_classifier.pt; proposed duplicate-review hold; do not delete
apps/desktop/models/effie_real_full_v2_continue_session/gesture_classifier.ts,artifacts/models/effie/session-split/finetune-all/2026-07-09__seed-unknown/gesture_classifier.ts,torchscript-model,effie,gesture-classification,finetune-all,session-split,2026-07-09,unknown,e0dd4680bf9171eaaf49ade40bf330952619121962682b96ac4024d01e33b6d4,classified-proposed,date derived from filesystem modification time; needs review
apps/desktop/models/effie_real_full_v2_continue_session/gesture_labels.json,artifacts/models/effie/session-split/finetune-all/2026-07-09__seed-unknown/gesture_labels.json,json-metadata,effie,gesture-classification,finetune-all,session-split,2026-07-09,unknown,eff5e7e5e1995d20839cc4d8aa09b79e2fa0ec3e8e8fc3c199c2c7b9fa70e681,classified-proposed,date derived from filesystem modification time; needs review
apps/desktop/models/effie_real_full_v2_continue_session/model_info.json,artifacts/models/effie/session-split/finetune-all/2026-07-09__seed-unknown/model_info.json,json-metadata,effie,gesture-classification,finetune-all,session-split,2026-07-09,unknown,537a038903cf95448fef7eb5d5759f87edffead14fb9856d021ee47b7a1eae4a,classified-proposed,date derived from filesystem modification time; needs review
apps/desktop/models/effie_real_full_v2_continue_session/normalization.json,artifacts/models/effie/session-split/finetune-all/2026-07-09__seed-unknown/normalization.json,json-metadata,effie,gesture-classification,finetune-all,session-split,2026-07-09,unknown,daf59cd00097f514bde11426c2106d60d5128a2ec4fee6a1aff7ff2c5a1dcd1b,classified-proposed,date derived from filesystem modification time; needs review
apps/desktop/models/effie_real_full_v2_continue_session/train_report.json,artifacts/models/effie/session-split/finetune-all/2026-07-09__seed-unknown/train_report.json,json-report,effie,gesture-classification,finetune-all,session-split,2026-07-09,unknown,9cfae9bc3deb889b1f6d37854101a3855032ba9277f75b4f7b141e8eee088a5f,classified-proposed,date derived from filesystem modification time; needs review
apps/desktop/models/effie_smoke_test/confusion_matrix.csv,artifacts/legacy-unclassified/effie_smoke_test/confusion_matrix.csv,csv-artifact,effie,gesture-classification,freeze-backbone,trial-split,2026-07-08,unknown,2804fc40fb94ffa57ec442b2eda7e8a4ef841faec5b747533d76c4d107c410e1,temporary-review,date derived from filesystem modification time; needs review; temporary-looking name; retain until validation review
apps/desktop/models/effie_smoke_test/gesture_classifier.pt,artifacts/duplicate-review/effie_smoke_test/gesture_classifier.pt,pytorch-model,effie,gesture-classification,freeze-backbone,trial-split,2026-07-08,unknown,0d84378464bb0cf76bcc5c9b19d056fd47dc4d128b13efd8621a065f784b1744,suspected-duplicate,date derived from filesystem modification time; needs review; same SHA-256 as: apps/desktop/models/effie_smoke_test/gesture_classifier.pt | apps/desktop/models/effie_smoke_ts/gesture_classifier.pt; proposed duplicate-review hold; do not delete
apps/desktop/models/effie_smoke_test/gesture_labels.json,artifacts/legacy-unclassified/effie_smoke_test/gesture_labels.json,json-metadata,effie,gesture-classification,freeze-backbone,trial-split,2026-07-08,unknown,eff5e7e5e1995d20839cc4d8aa09b79e2fa0ec3e8e8fc3c199c2c7b9fa70e681,temporary-review,date derived from filesystem modification time; needs review; temporary-looking name; retain until validation review
apps/desktop/models/effie_smoke_test/model_info.json,artifacts/legacy-unclassified/effie_smoke_test/model_info.json,json-metadata,effie,gesture-classification,freeze-backbone,trial-split,2026-07-08,unknown,537a038903cf95448fef7eb5d5759f87edffead14fb9856d021ee47b7a1eae4a,temporary-review,date derived from filesystem modification time; needs review; temporary-looking name; retain until validation review
apps/desktop/models/effie_smoke_test/normalization.json,artifacts/legacy-unclassified/effie_smoke_test/normalization.json,json-metadata,effie,gesture-classification,freeze-backbone,trial-split,2026-07-08,unknown,a8e9ef7887ebffcd3024a47d52b5d696ba1009c48c989c97119a30f88c6b4fc3,temporary-review,date derived from filesystem modification time; needs review; temporary-looking name; retain until validation review
apps/desktop/models/effie_smoke_test/train_report.json,artifacts/legacy-unclassified/effie_smoke_test/train_report.json,json-report,effie,gesture-classification,freeze-backbone,trial-split,2026-07-08,unknown,50af64b110738c871bf5c24319bd0b97761f8ef514e47dd53d7407ceebaba0d6,temporary-review,date derived from filesystem modification time; needs review; temporary-looking name; retain until validation review
apps/desktop/models/effie_smoke_ts/confusion_matrix.csv,artifacts/legacy-unclassified/effie_smoke_ts/confusion_matrix.csv,csv-artifact,effie,gesture-classification,freeze-backbone,trial-split,2026-07-08,unknown,2804fc40fb94ffa57ec442b2eda7e8a4ef841faec5b747533d76c4d107c410e1,temporary-review,date derived from filesystem modification time; needs review; temporary-looking name; retain until validation review
apps/desktop/models/effie_smoke_ts/gesture_classifier.pt,artifacts/duplicate-review/effie_smoke_ts/gesture_classifier.pt,pytorch-model,effie,gesture-classification,freeze-backbone,trial-split,2026-07-08,unknown,0d84378464bb0cf76bcc5c9b19d056fd47dc4d128b13efd8621a065f784b1744,suspected-duplicate,date derived from filesystem modification time; needs review; same SHA-256 as: apps/desktop/models/effie_smoke_test/gesture_classifier.pt | apps/desktop/models/effie_smoke_ts/gesture_classifier.pt; proposed duplicate-review hold; do not delete
apps/desktop/models/effie_smoke_ts/gesture_classifier.ts,artifacts/legacy-unclassified/effie_smoke_ts/gesture_classifier.ts,torchscript-model,effie,gesture-classification,freeze-backbone,trial-split,2026-07-08,unknown,bf6178e0dd3746bf2bc5df04c0c72233376e53fa3405f8990de3b51c86fe8903,temporary-review,date derived from filesystem modification time; needs review; temporary-looking name; retain until validation review
apps/desktop/models/effie_smoke_ts/gesture_labels.json,artifacts/legacy-unclassified/effie_smoke_ts/gesture_labels.json,json-metadata,effie,gesture-classification,freeze-backbone,trial-split,2026-07-08,unknown,eff5e7e5e1995d20839cc4d8aa09b79e2fa0ec3e8e8fc3c199c2c7b9fa70e681,temporary-review,date derived from filesystem modification time; needs review; temporary-looking name; retain until validation review
apps/desktop/models/effie_smoke_ts/model_info.json,artifacts/legacy-unclassified/effie_smoke_ts/model_info.json,json-metadata,effie,gesture-classification,freeze-backbone,trial-split,2026-07-08,unknown,537a038903cf95448fef7eb5d5759f87edffead14fb9856d021ee47b7a1eae4a,temporary-review,date derived from filesystem modification time; needs review; temporary-looking name; retain until validation review
apps/desktop/models/effie_smoke_ts/normalization.json,artifacts/legacy-unclassified/effie_smoke_ts/normalization.json,json-metadata,effie,gesture-classification,freeze-backbone,trial-split,2026-07-08,unknown,a8e9ef7887ebffcd3024a47d52b5d696ba1009c48c989c97119a30f88c6b4fc3,temporary-review,date derived from filesystem modification time; needs review; temporary-looking name; retain until validation review
apps/desktop/models/effie_smoke_ts/train_report.json,artifacts/legacy-unclassified/effie_smoke_ts/train_report.json,json-report,effie,gesture-classification,freeze-backbone,trial-split,2026-07-08,unknown,50af64b110738c871bf5c24319bd0b97761f8ef514e47dd53d7407ceebaba0d6,temporary-review,date derived from filesystem modification time; needs review; temporary-looking name; retain until validation review
apps/desktop/models/emg2pose_gesture_cv/cv_report.json,artifacts/models/emg2pose-tcn/cross-session-cv/standard/2026-07-08__seed-42/cv_report.json,json-report,emg2pose-tcn,gesture-classification,standard,cross-session-cv,2026-07-08,42,ab5404a22465de6abbdfd661d054b4f882b408b3863478bdd0d9ec98773180dc,classified-proposed,date derived from filesystem modification time; needs review
apps/desktop/models/emg2pose_gesture_cv/fold_session_001/confusion_matrix.csv,artifacts/models/emg2pose-tcn/cross-session-cv/standard/2026-07-08__seed-42/fold_session_001/confusion_matrix.csv,csv-artifact,emg2pose-tcn,gesture-classification,standard,cross-session-cv,2026-07-08,42,d8199479f6b122d4e89f63b4939f5ee7d9ba23f318c1c6457437fe29e4e9892e,classified-proposed,date derived from filesystem modification time; needs review
apps/desktop/models/emg2pose_gesture_cv/fold_session_001/gesture_classifier.pt,artifacts/models/emg2pose-tcn/cross-session-cv/standard/2026-07-08__seed-42/fold_session_001/gesture_classifier.pt,pytorch-model,emg2pose-tcn,gesture-classification,standard,cross-session-cv,2026-07-08,42,a18df5dbebf198c7164962e2a37b9589d8e86e6c3f91fe74426d92d553d1c9f7,classified-proposed,date derived from filesystem modification time; needs review
apps/desktop/models/emg2pose_gesture_cv/fold_session_001/gesture_classifier.ts,artifacts/models/emg2pose-tcn/cross-session-cv/standard/2026-07-08__seed-42/fold_session_001/gesture_classifier.ts,torchscript-model,emg2pose-tcn,gesture-classification,standard,cross-session-cv,2026-07-08,42,aa484d72b01beb74749b41425b583edb3c8ba21363e83718b98f7713357a86ad,classified-proposed,date derived from filesystem modification time; needs review
apps/desktop/models/emg2pose_gesture_cv/fold_session_001/gesture_labels.json,artifacts/models/emg2pose-tcn/cross-session-cv/standard/2026-07-08__seed-42/fold_session_001/gesture_labels.json,json-metadata,emg2pose-tcn,gesture-classification,standard,cross-session-cv,2026-07-08,42,eff5e7e5e1995d20839cc4d8aa09b79e2fa0ec3e8e8fc3c199c2c7b9fa70e681,classified-proposed,date derived from filesystem modification time; needs review
apps/desktop/models/emg2pose_gesture_cv/fold_session_001/model_info.json,artifacts/models/emg2pose-tcn/cross-session-cv/standard/2026-07-08__seed-42/fold_session_001/model_info.json,json-metadata,emg2pose-tcn,gesture-classification,standard,cross-session-cv,2026-07-08,42,06c15603eda0ac2f0fe8ef8b745abb953428bb5c77d890d5662c4324259345a8,classified-proposed,date derived from filesystem modification time; needs review
apps/desktop/models/emg2pose_gesture_cv/fold_session_001/normalization.json,artifacts/models/emg2pose-tcn/cross-session-cv/standard/2026-07-08__seed-42/fold_session_001/normalization.json,json-metadata,emg2pose-tcn,gesture-classification,standard,cross-session-cv,2026-07-08,42,91eeb43695ea3d4e8e1b9e7d175d3f530a22e3643306e8f871119bf6e90944a8,classified-proposed,date derived from filesystem modification time; needs review
apps/desktop/models/emg2pose_gesture_cv/fold_session_001/train_report.json,artifacts/models/emg2pose-tcn/cross-session-cv/standard/2026-07-08__seed-42/fold_session_001/train_report.json,json-report,emg2pose-tcn,gesture-classification,standard,cross-session-cv,2026-07-08,42,c59e9f0b36fb7dc9746e69b43af32674b5e5ac6aeaafd97bda3758cfd735e9b9,classified-proposed,date derived from filesystem modification time; needs review
apps/desktop/models/emg2pose_gesture_cv/fold_session_002/confusion_matrix.csv,artifacts/models/emg2pose-tcn/cross-session-cv/standard/2026-07-08__seed-42/fold_session_002/confusion_matrix.csv,csv-artifact,emg2pose-tcn,gesture-classification,standard,cross-session-cv,2026-07-08,42,b9fef3968a7eca57bb5195d2886f9ab7f3cabb4d118be10bb9a26969e6bed966,classified-proposed,date derived from filesystem modification time; needs review
apps/desktop/models/emg2pose_gesture_cv/fold_session_002/gesture_classifier.pt,artifacts/models/emg2pose-tcn/cross-session-cv/standard/2026-07-08__seed-42/fold_session_002/gesture_classifier.pt,pytorch-model,emg2pose-tcn,gesture-classification,standard,cross-session-cv,2026-07-08,42,c617cf965e46e44a4a66b5c7c87087ac9374c2c9fd142932a9f60e59217ceaf6,classified-proposed,date derived from filesystem modification time; needs review
apps/desktop/models/emg2pose_gesture_cv/fold_session_002/gesture_classifier.ts,artifacts/models/emg2pose-tcn/cross-session-cv/standard/2026-07-08__seed-42/fold_session_002/gesture_classifier.ts,torchscript-model,emg2pose-tcn,gesture-classification,standard,cross-session-cv,2026-07-08,42,9bddc489107947076ea8eb72346bb59f605a4006049e56537346a723d824373e,classified-proposed,date derived from filesystem modification time; needs review
apps/desktop/models/emg2pose_gesture_cv/fold_session_002/gesture_labels.json,artifacts/models/emg2pose-tcn/cross-session-cv/standard/2026-07-08__seed-42/fold_session_002/gesture_labels.json,json-metadata,emg2pose-tcn,gesture-classification,standard,cross-session-cv,2026-07-08,42,eff5e7e5e1995d20839cc4d8aa09b79e2fa0ec3e8e8fc3c199c2c7b9fa70e681,classified-proposed,date derived from filesystem modification time; needs review
apps/desktop/models/emg2pose_gesture_cv/fold_session_002/model_info.json,artifacts/models/emg2pose-tcn/cross-session-cv/standard/2026-07-08__seed-42/fold_session_002/model_info.json,json-metadata,emg2pose-tcn,gesture-classification,standard,cross-session-cv,2026-07-08,42,06c15603eda0ac2f0fe8ef8b745abb953428bb5c77d890d5662c4324259345a8,classified-proposed,date derived from filesystem modification time; needs review
apps/desktop/models/emg2pose_gesture_cv/fold_session_002/normalization.json,artifacts/models/emg2pose-tcn/cross-session-cv/standard/2026-07-08__seed-42/fold_session_002/normalization.json,json-metadata,emg2pose-tcn,gesture-classification,standard,cross-session-cv,2026-07-08,42,9b91b3797da3ddfdcd6129660060bc325053df8111e2789d22a5a3b5da8715d2,classified-proposed,date derived from filesystem modification time; needs review
apps/desktop/models/emg2pose_gesture_cv/fold_session_002/train_report.json,artifacts/models/emg2pose-tcn/cross-session-cv/standard/2026-07-08__seed-42/fold_session_002/train_report.json,json-report,emg2pose-tcn,gesture-classification,standard,cross-session-cv,2026-07-08,42,e6ace31f64ee11e4b51840061bedf230f24166712181c9dcbab6073e45ef1a10,classified-proposed,date derived from filesystem modification time; needs review
apps/desktop/models/emg2pose_gesture_cv/fold_session_003/confusion_matrix.csv,artifacts/models/emg2pose-tcn/cross-session-cv/standard/2026-07-08__seed-42/fold_session_003/confusion_matrix.csv,csv-artifact,emg2pose-tcn,gesture-classification,standard,cross-session-cv,2026-07-08,42,4e7b0ccf7865aabf5cf2ee8f7c3152e78ede33df82350f79eb7f66a5b05ae04c,classified-proposed,date derived from filesystem modification time; needs review
apps/desktop/models/emg2pose_gesture_cv/fold_session_003/gesture_classifier.pt,artifacts/models/emg2pose-tcn/cross-session-cv/standard/2026-07-08__seed-42/fold_session_003/gesture_classifier.pt,pytorch-model,emg2pose-tcn,gesture-classification,standard,cross-session-cv,2026-07-08,42,d5837cd7f37bc4c742d39cfb76c3035109d75f589c93b86f20e845aeaf582276,classified-proposed,date derived from filesystem modification time; needs review
apps/desktop/models/emg2pose_gesture_cv/fold_session_003/gesture_classifier.ts,artifacts/models/emg2pose-tcn/cross-session-cv/standard/2026-07-08__seed-42/fold_session_003/gesture_classifier.ts,torchscript-model,emg2pose-tcn,gesture-classification,standard,cross-session-cv,2026-07-08,42,b573bc47c9a2cf93112310189bbfd1ad9e3810c5f5aaa9835066b6f91242ac78,classified-proposed,date derived from filesystem modification time; needs review
apps/desktop/models/emg2pose_gesture_cv/fold_session_003/gesture_labels.json,artifacts/models/emg2pose-tcn/cross-session-cv/standard/2026-07-08__seed-42/fold_session_003/gesture_labels.json,json-metadata,emg2pose-tcn,gesture-classification,standard,cross-session-cv,2026-07-08,42,eff5e7e5e1995d20839cc4d8aa09b79e2fa0ec3e8e8fc3c199c2c7b9fa70e681,classified-proposed,date derived from filesystem modification time; needs review
apps/desktop/models/emg2pose_gesture_cv/fold_session_003/model_info.json,artifacts/models/emg2pose-tcn/cross-session-cv/standard/2026-07-08__seed-42/fold_session_003/model_info.json,json-metadata,emg2pose-tcn,gesture-classification,standard,cross-session-cv,2026-07-08,42,06c15603eda0ac2f0fe8ef8b745abb953428bb5c77d890d5662c4324259345a8,classified-proposed,date derived from filesystem modification time; needs review
apps/desktop/models/emg2pose_gesture_cv/fold_session_003/normalization.json,artifacts/models/emg2pose-tcn/cross-session-cv/standard/2026-07-08__seed-42/fold_session_003/normalization.json,json-metadata,emg2pose-tcn,gesture-classification,standard,cross-session-cv,2026-07-08,42,cee22df5f7828d78e9ca3070e95e134a39bfb82457970b62f0830e55da07ff3d,classified-proposed,date derived from filesystem modification time; needs review
apps/desktop/models/emg2pose_gesture_cv/fold_session_003/train_report.json,artifacts/models/emg2pose-tcn/cross-session-cv/standard/2026-07-08__seed-42/fold_session_003/train_report.json,json-report,emg2pose-tcn,gesture-classification,standard,cross-session-cv,2026-07-08,42,a517769b33baba9108e6353416f52a48da317310bbbdc90f348d61b6750089b9,classified-proposed,date derived from filesystem modification time; needs review
apps/desktop/models/emg2pose_gesture_cv/fold_session_004/confusion_matrix.csv,artifacts/models/emg2pose-tcn/cross-session-cv/standard/2026-07-08__seed-42/fold_session_004/confusion_matrix.csv,csv-artifact,emg2pose-tcn,gesture-classification,standard,cross-session-cv,2026-07-08,42,426804796b32dda332a1ba953e03913bdbd80136014d0f4abaebd6ea09067edf,classified-proposed,date derived from filesystem modification time; needs review
apps/desktop/models/emg2pose_gesture_cv/fold_session_004/gesture_classifier.pt,artifacts/models/emg2pose-tcn/cross-session-cv/standard/2026-07-08__seed-42/fold_session_004/gesture_classifier.pt,pytorch-model,emg2pose-tcn,gesture-classification,standard,cross-session-cv,2026-07-08,42,38aca30177d70294a00d1639d13c89717b4d2ab02078a89c83ee48d86ed79f06,classified-proposed,date derived from filesystem modification time; needs review
apps/desktop/models/emg2pose_gesture_cv/fold_session_004/gesture_classifier.ts,artifacts/models/emg2pose-tcn/cross-session-cv/standard/2026-07-08__seed-42/fold_session_004/gesture_classifier.ts,torchscript-model,emg2pose-tcn,gesture-classification,standard,cross-session-cv,2026-07-08,42,7f28655ec16e35613c43aff4a3249779c088f9416d0b63c46852306651574733,classified-proposed,date derived from filesystem modification time; needs review
apps/desktop/models/emg2pose_gesture_cv/fold_session_004/gesture_labels.json,artifacts/models/emg2pose-tcn/cross-session-cv/standard/2026-07-08__seed-42/fold_session_004/gesture_labels.json,json-metadata,emg2pose-tcn,gesture-classification,standard,cross-session-cv,2026-07-08,42,eff5e7e5e1995d20839cc4d8aa09b79e2fa0ec3e8e8fc3c199c2c7b9fa70e681,classified-proposed,date derived from filesystem modification time; needs review
apps/desktop/models/emg2pose_gesture_cv/fold_session_004/model_info.json,artifacts/models/emg2pose-tcn/cross-session-cv/standard/2026-07-08__seed-42/fold_session_004/model_info.json,json-metadata,emg2pose-tcn,gesture-classification,standard,cross-session-cv,2026-07-08,42,06c15603eda0ac2f0fe8ef8b745abb953428bb5c77d890d5662c4324259345a8,classified-proposed,date derived from filesystem modification time; needs review
apps/desktop/models/emg2pose_gesture_cv/fold_session_004/normalization.json,artifacts/models/emg2pose-tcn/cross-session-cv/standard/2026-07-08__seed-42/fold_session_004/normalization.json,json-metadata,emg2pose-tcn,gesture-classification,standard,cross-session-cv,2026-07-08,42,8b58c4dde7aa8f3349c67a08d34380bfe5596fe3023e1ae396cd00d397165af3,classified-proposed,date derived from filesystem modification time; needs review
apps/desktop/models/emg2pose_gesture_cv/fold_session_004/train_report.json,artifacts/models/emg2pose-tcn/cross-session-cv/standard/2026-07-08__seed-42/fold_session_004/train_report.json,json-report,emg2pose-tcn,gesture-classification,standard,cross-session-cv,2026-07-08,42,8497f68b645d5220be6bc59f723f1716f10715e4d2d8f8fa0969cbb969c123f7,classified-proposed,date derived from filesystem modification time; needs review
apps/desktop/models/emg2pose_gesture_cv/fold_session_005/confusion_matrix.csv,artifacts/models/emg2pose-tcn/cross-session-cv/standard/2026-07-08__seed-42/fold_session_005/confusion_matrix.csv,csv-artifact,emg2pose-tcn,gesture-classification,standard,cross-session-cv,2026-07-08,42,7e300cb3469b4cf2201cb9b24900ff7e628c658042360162598737258f186145,classified-proposed,date derived from filesystem modification time; needs review
apps/desktop/models/emg2pose_gesture_cv/fold_session_005/gesture_classifier.pt,artifacts/models/emg2pose-tcn/cross-session-cv/standard/2026-07-08__seed-42/fold_session_005/gesture_classifier.pt,pytorch-model,emg2pose-tcn,gesture-classification,standard,cross-session-cv,2026-07-08,42,4279b10f829ef327483ddfc1a7351cdb26664d61192b67b8a698964cc417d085,classified-proposed,date derived from filesystem modification time; needs review
apps/desktop/models/emg2pose_gesture_cv/fold_session_005/gesture_classifier.ts,artifacts/models/emg2pose-tcn/cross-session-cv/standard/2026-07-08__seed-42/fold_session_005/gesture_classifier.ts,torchscript-model,emg2pose-tcn,gesture-classification,standard,cross-session-cv,2026-07-08,42,bb972982caaae12ac20829650ca84db2af2afc979be37bfe4857ce65baa3f38a,classified-proposed,date derived from filesystem modification time; needs review
apps/desktop/models/emg2pose_gesture_cv/fold_session_005/gesture_labels.json,artifacts/models/emg2pose-tcn/cross-session-cv/standard/2026-07-08__seed-42/fold_session_005/gesture_labels.json,json-metadata,emg2pose-tcn,gesture-classification,standard,cross-session-cv,2026-07-08,42,eff5e7e5e1995d20839cc4d8aa09b79e2fa0ec3e8e8fc3c199c2c7b9fa70e681,classified-proposed,date derived from filesystem modification time; needs review
apps/desktop/models/emg2pose_gesture_cv/fold_session_005/model_info.json,artifacts/models/emg2pose-tcn/cross-session-cv/standard/2026-07-08__seed-42/fold_session_005/model_info.json,json-metadata,emg2pose-tcn,gesture-classification,standard,cross-session-cv,2026-07-08,42,06c15603eda0ac2f0fe8ef8b745abb953428bb5c77d890d5662c4324259345a8,classified-proposed,date derived from filesystem modification time; needs review
apps/desktop/models/emg2pose_gesture_cv/fold_session_005/normalization.json,artifacts/models/emg2pose-tcn/cross-session-cv/standard/2026-07-08__seed-42/fold_session_005/normalization.json,json-metadata,emg2pose-tcn,gesture-classification,standard,cross-session-cv,2026-07-08,42,b44c99a3fc3c9a52ee3fd9208c8ca230e258828150f464b1d5a3135d61c680a9,classified-proposed,date derived from filesystem modification time; needs review
apps/desktop/models/emg2pose_gesture_cv/fold_session_005/train_report.json,artifacts/models/emg2pose-tcn/cross-session-cv/standard/2026-07-08__seed-42/fold_session_005/train_report.json,json-report,emg2pose-tcn,gesture-classification,standard,cross-session-cv,2026-07-08,42,27ed6367323f0fa95e3423e164983a6ba5f0b65aa7c1dc6a4b42f428ef97ec11,classified-proposed,date derived from filesystem modification time; needs review
apps/desktop/models/emg2pose_gesture_v1/confusion_matrix.csv,artifacts/models/emg2pose-tcn/session-split/standard/2026-07-08__seed-unknown/confusion_matrix.csv,csv-artifact,emg2pose-tcn,gesture-classification,standard,session-split,2026-07-08,unknown,26d66f5b3b2f5be5a2b48c183a9489a1bf000cb4a59f1c569d553c0ad10c7378,classified-proposed,date derived from filesystem modification time; needs review
apps/desktop/models/emg2pose_gesture_v1/gesture_classifier.pt,artifacts/models/emg2pose-tcn/session-split/standard/2026-07-08__seed-unknown/gesture_classifier.pt,pytorch-model,emg2pose-tcn,gesture-classification,standard,session-split,2026-07-08,unknown,57f94cc397ae43f890120758244f71b971e55ab44ac7aabdd3a643b85fff5d3a,classified-proposed,date derived from filesystem modification time; needs review
apps/desktop/models/emg2pose_gesture_v1/gesture_classifier.ts,artifacts/models/emg2pose-tcn/session-split/standard/2026-07-08__seed-unknown/gesture_classifier.ts,torchscript-model,emg2pose-tcn,gesture-classification,standard,session-split,2026-07-08,unknown,0c6c5452070378303d25a4c97104eadc3103a9f79735beddd35c22a354998d48,classified-proposed,date derived from filesystem modification time; needs review
apps/desktop/models/emg2pose_gesture_v1/gesture_labels.json,artifacts/models/emg2pose-tcn/session-split/standard/2026-07-08__seed-unknown/gesture_labels.json,json-metadata,emg2pose-tcn,gesture-classification,standard,session-split,2026-07-08,unknown,eff5e7e5e1995d20839cc4d8aa09b79e2fa0ec3e8e8fc3c199c2c7b9fa70e681,classified-proposed,date derived from filesystem modification time; needs review
apps/desktop/models/emg2pose_gesture_v1/model_info.json,artifacts/models/emg2pose-tcn/session-split/standard/2026-07-08__seed-unknown/model_info.json,json-metadata,emg2pose-tcn,gesture-classification,standard,session-split,2026-07-08,unknown,4fa38abe63a6763dcd2e56a6e0ad7f7271bc3b387b337053b60af54bc8fedd75,classified-proposed,date derived from filesystem modification time; needs review
apps/desktop/models/emg2pose_gesture_v1/normalization.json,artifacts/models/emg2pose-tcn/session-split/standard/2026-07-08__seed-unknown/normalization.json,json-metadata,emg2pose-tcn,gesture-classification,standard,session-split,2026-07-08,unknown,1bcf9b09bb18abd84b33edfec49f0382bcf3da38a6f76cc8788ca80c767d5220,classified-proposed,date derived from filesystem modification time; needs review
apps/desktop/models/emg2pose_gesture_v1/train_report.json,artifacts/models/emg2pose-tcn/session-split/standard/2026-07-08__seed-unknown/train_report.json,json-report,emg2pose-tcn,gesture-classification,standard,session-split,2026-07-08,unknown,0a400661ed0ceef800e6edaf4b4565a2b102ddf26bbd11937d85bc34ad4e7fdf,classified-proposed,date derived from filesystem modification time; needs review
apps/desktop/models/gesture_classifier.pt,artifacts/legacy-unclassified/root-files/gesture_classifier.pt,pytorch-model,unknown-model,gesture-classification,standard,unknown-split,2026-07-08,unknown,2d94709c51072e1c7fb54a549c79c045162ebedc0c5b2ec348d66bbe9ba0cdc3,legacy-unclassified,date derived from filesystem modification time; needs review; name/configuration is insufficient for formal naming
apps/desktop/models/gesture_labels.json,artifacts/legacy-unclassified/root-files/gesture_labels.json,json-metadata,unknown-model,gesture-classification,standard,unknown-split,2026-07-08,unknown,eff5e7e5e1995d20839cc4d8aa09b79e2fa0ec3e8e8fc3c199c2c7b9fa70e681,legacy-unclassified,date derived from filesystem modification time; needs review; name/configuration is insufficient for formal naming
apps/desktop/models/normalization.json,artifacts/legacy-unclassified/root-files/normalization.json,json-metadata,unknown-model,gesture-classification,standard,unknown-split,2026-07-08,unknown,8113a83626e5e0fc7f93b59aefc2cd79d0df294e33094c6921d152206af1424e,legacy-unclassified,date derived from filesystem modification time; needs review; name/configuration is insufficient for formal naming
apps/desktop/models/now/gesture_classifier(1).pt,artifacts/duplicate-review/now/gesture_classifier(1).pt,pytorch-model,unknown-model,gesture-classification,standard,unknown-split,2026-07-10,unknown,4d70d8e1d836c1adf7afde1cf94cdf446ac4e7a67bcf844b2a8fb3f91b7d786f,suspected-duplicate,date derived from filesystem modification time; needs review; same SHA-256 as: apps/desktop/models/effie_real_full_v2_continue/gesture_classifier.pt | apps/desktop/models/now/gesture_classifier(1).pt; proposed duplicate-review hold; do not delete
apps/desktop/models/smoke_cv_test/cv_report.json,artifacts/legacy-unclassified/smoke_cv_test/cv_report.json,json-report,unknown-model,gesture-classification,standard,cross-session-cv,2026-07-08,42,cabaebf17afd1b3362af811d334b476697e193a16efc75fd86de723ce7000573,temporary-review,date derived from filesystem modification time; needs review; temporary-looking name; retain until validation review
apps/desktop/models/smoke_cv_test/fold_session_001/confusion_matrix.csv,artifacts/legacy-unclassified/smoke_cv_test/fold_session_001/confusion_matrix.csv,csv-artifact,unknown-model,gesture-classification,standard,cross-session-cv,2026-07-08,42,42e6a1aac321cd8d0a020635bedf0bd273fe26aed4a2851b43321a266d462d7b,temporary-review,date derived from filesystem modification time; needs review; temporary-looking name; retain until validation review
apps/desktop/models/smoke_cv_test/fold_session_001/gesture_classifier.pt,artifacts/legacy-unclassified/smoke_cv_test/fold_session_001/gesture_classifier.pt,pytorch-model,unknown-model,gesture-classification,standard,cross-session-cv,2026-07-08,42,89929f47079daef64f8a43cb8820e3335a4bb1753229b6bf63e03219936891f0,temporary-review,date derived from filesystem modification time; needs review; temporary-looking name; retain until validation review
apps/desktop/models/smoke_cv_test/fold_session_001/gesture_labels.json,artifacts/legacy-unclassified/smoke_cv_test/fold_session_001/gesture_labels.json,json-metadata,unknown-model,gesture-classification,standard,cross-session-cv,2026-07-08,42,eff5e7e5e1995d20839cc4d8aa09b79e2fa0ec3e8e8fc3c199c2c7b9fa70e681,temporary-review,date derived from filesystem modification time; needs review; temporary-looking name; retain until validation review
apps/desktop/models/smoke_cv_test/fold_session_001/model_info.json,artifacts/legacy-unclassified/smoke_cv_test/fold_session_001/model_info.json,json-metadata,unknown-model,gesture-classification,standard,cross-session-cv,2026-07-08,42,352cf3d1b886b5f7c114e68238b7f45f740986390ed60dd3bf1924266e19f9b5,temporary-review,date derived from filesystem modification time; needs review; temporary-looking name; retain until validation review
apps/desktop/models/smoke_cv_test/fold_session_001/normalization.json,artifacts/legacy-unclassified/smoke_cv_test/fold_session_001/normalization.json,json-metadata,unknown-model,gesture-classification,standard,cross-session-cv,2026-07-08,42,91eeb43695ea3d4e8e1b9e7d175d3f530a22e3643306e8f871119bf6e90944a8,temporary-review,date derived from filesystem modification time; needs review; temporary-looking name; retain until validation review
apps/desktop/models/smoke_cv_test/fold_session_001/train_report.json,artifacts/legacy-unclassified/smoke_cv_test/fold_session_001/train_report.json,json-report,unknown-model,gesture-classification,standard,cross-session-cv,2026-07-08,42,24cc15fa8656ea0bba84111be61af130892072c993adbcf16419bc5417366ac3,temporary-review,date derived from filesystem modification time; needs review; temporary-looking name; retain until validation review
apps/desktop/models/smoke_cv_test/fold_session_002/confusion_matrix.csv,artifacts/legacy-unclassified/smoke_cv_test/fold_session_002/confusion_matrix.csv,csv-artifact,unknown-model,gesture-classification,standard,cross-session-cv,2026-07-08,42,f3fbfae88b396a24bc4871e2b090467a8ccedaa4ac7da3f6f4b08621a112fc26,temporary-review,date derived from filesystem modification time; needs review; temporary-looking name; retain until validation review
apps/desktop/models/smoke_cv_test/fold_session_002/gesture_classifier.pt,artifacts/legacy-unclassified/smoke_cv_test/fold_session_002/gesture_classifier.pt,pytorch-model,unknown-model,gesture-classification,standard,cross-session-cv,2026-07-08,42,00ab0fdd9999cf301005eb5a666fbaaa1069a33d4931a24acf3f7c70fc0ad948,temporary-review,date derived from filesystem modification time; needs review; temporary-looking name; retain until validation review
apps/desktop/models/smoke_cv_test/fold_session_002/gesture_labels.json,artifacts/legacy-unclassified/smoke_cv_test/fold_session_002/gesture_labels.json,json-metadata,unknown-model,gesture-classification,standard,cross-session-cv,2026-07-08,42,eff5e7e5e1995d20839cc4d8aa09b79e2fa0ec3e8e8fc3c199c2c7b9fa70e681,temporary-review,date derived from filesystem modification time; needs review; temporary-looking name; retain until validation review
apps/desktop/models/smoke_cv_test/fold_session_002/model_info.json,artifacts/legacy-unclassified/smoke_cv_test/fold_session_002/model_info.json,json-metadata,unknown-model,gesture-classification,standard,cross-session-cv,2026-07-08,42,352cf3d1b886b5f7c114e68238b7f45f740986390ed60dd3bf1924266e19f9b5,temporary-review,date derived from filesystem modification time; needs review; temporary-looking name; retain until validation review
apps/desktop/models/smoke_cv_test/fold_session_002/normalization.json,artifacts/legacy-unclassified/smoke_cv_test/fold_session_002/normalization.json,json-metadata,unknown-model,gesture-classification,standard,cross-session-cv,2026-07-08,42,9b91b3797da3ddfdcd6129660060bc325053df8111e2789d22a5a3b5da8715d2,temporary-review,date derived from filesystem modification time; needs review; temporary-looking name; retain until validation review
apps/desktop/models/smoke_cv_test/fold_session_002/train_report.json,artifacts/legacy-unclassified/smoke_cv_test/fold_session_002/train_report.json,json-report,unknown-model,gesture-classification,standard,cross-session-cv,2026-07-08,42,f8171b22095300f4d468eaa72b49a8b58b43ec4badb4c16299290ea537a1ff99,temporary-review,date derived from filesystem modification time; needs review; temporary-looking name; retain until validation review
apps/desktop/models/smoke_cv_test/fold_session_003/confusion_matrix.csv,artifacts/legacy-unclassified/smoke_cv_test/fold_session_003/confusion_matrix.csv,csv-artifact,unknown-model,gesture-classification,standard,cross-session-cv,2026-07-08,42,6766a35ab10b9bf415d28db1be5bb3f71f753e46ea5f348ab859b96590030ce0,temporary-review,date derived from filesystem modification time; needs review; temporary-looking name; retain until validation review
apps/desktop/models/smoke_cv_test/fold_session_003/gesture_classifier.pt,artifacts/legacy-unclassified/smoke_cv_test/fold_session_003/gesture_classifier.pt,pytorch-model,unknown-model,gesture-classification,standard,cross-session-cv,2026-07-08,42,1a4c2ede7f19216ebd6b68d68b907c0a956d3251370cc08e51345c9cdf9b74bd,temporary-review,date derived from filesystem modification time; needs review; temporary-looking name; retain until validation review
apps/desktop/models/smoke_cv_test/fold_session_003/gesture_labels.json,artifacts/legacy-unclassified/smoke_cv_test/fold_session_003/gesture_labels.json,json-metadata,unknown-model,gesture-classification,standard,cross-session-cv,2026-07-08,42,eff5e7e5e1995d20839cc4d8aa09b79e2fa0ec3e8e8fc3c199c2c7b9fa70e681,temporary-review,date derived from filesystem modification time; needs review; temporary-looking name; retain until validation review
apps/desktop/models/smoke_cv_test/fold_session_003/model_info.json,artifacts/legacy-unclassified/smoke_cv_test/fold_session_003/model_info.json,json-metadata,unknown-model,gesture-classification,standard,cross-session-cv,2026-07-08,42,352cf3d1b886b5f7c114e68238b7f45f740986390ed60dd3bf1924266e19f9b5,temporary-review,date derived from filesystem modification time; needs review; temporary-looking name; retain until validation review
apps/desktop/models/smoke_cv_test/fold_session_003/normalization.json,artifacts/legacy-unclassified/smoke_cv_test/fold_session_003/normalization.json,json-metadata,unknown-model,gesture-classification,standard,cross-session-cv,2026-07-08,42,cee22df5f7828d78e9ca3070e95e134a39bfb82457970b62f0830e55da07ff3d,temporary-review,date derived from filesystem modification time; needs review; temporary-looking name; retain until validation review
apps/desktop/models/smoke_cv_test/fold_session_003/train_report.json,artifacts/legacy-unclassified/smoke_cv_test/fold_session_003/train_report.json,json-report,unknown-model,gesture-classification,standard,cross-session-cv,2026-07-08,42,90ce80dbde8f7037a8ada4930186093df9035f61c49b638fa410d093a22b4412,temporary-review,date derived from filesystem modification time; needs review; temporary-looking name; retain until validation review
apps/desktop/models/smoke_cv_test/fold_session_004/confusion_matrix.csv,artifacts/legacy-unclassified/smoke_cv_test/fold_session_004/confusion_matrix.csv,csv-artifact,unknown-model,gesture-classification,standard,cross-session-cv,2026-07-08,42,e656a6c17bd8b951602e0f92b31c1de1ec39b587d68706302f4ae032c74d90c6,temporary-review,date derived from filesystem modification time; needs review; temporary-looking name; retain until validation review
apps/desktop/models/smoke_cv_test/fold_session_004/gesture_classifier.pt,artifacts/legacy-unclassified/smoke_cv_test/fold_session_004/gesture_classifier.pt,pytorch-model,unknown-model,gesture-classification,standard,cross-session-cv,2026-07-08,42,a31738db1cb79ad923f0308c7c80b7b31969769660733b65b0fe427edd9fd6a1,temporary-review,date derived from filesystem modification time; needs review; temporary-looking name; retain until validation review
apps/desktop/models/smoke_cv_test/fold_session_004/gesture_labels.json,artifacts/legacy-unclassified/smoke_cv_test/fold_session_004/gesture_labels.json,json-metadata,unknown-model,gesture-classification,standard,cross-session-cv,2026-07-08,42,eff5e7e5e1995d20839cc4d8aa09b79e2fa0ec3e8e8fc3c199c2c7b9fa70e681,temporary-review,date derived from filesystem modification time; needs review; temporary-looking name; retain until validation review
apps/desktop/models/smoke_cv_test/fold_session_004/model_info.json,artifacts/legacy-unclassified/smoke_cv_test/fold_session_004/model_info.json,json-metadata,unknown-model,gesture-classification,standard,cross-session-cv,2026-07-08,42,352cf3d1b886b5f7c114e68238b7f45f740986390ed60dd3bf1924266e19f9b5,temporary-review,date derived from filesystem modification time; needs review; temporary-looking name; retain until validation review
apps/desktop/models/smoke_cv_test/fold_session_004/normalization.json,artifacts/legacy-unclassified/smoke_cv_test/fold_session_004/normalization.json,json-metadata,unknown-model,gesture-classification,standard,cross-session-cv,2026-07-08,42,8b58c4dde7aa8f3349c67a08d34380bfe5596fe3023e1ae396cd00d397165af3,temporary-review,date derived from filesystem modification time; needs review; temporary-looking name; retain until validation review
apps/desktop/models/smoke_cv_test/fold_session_004/train_report.json,artifacts/legacy-unclassified/smoke_cv_test/fold_session_004/train_report.json,json-report,unknown-model,gesture-classification,standard,cross-session-cv,2026-07-08,42,fe45732fa3bb70e390376f58b2b4e9d8a9ec305288e4645bdb938c9ddee6080b,temporary-review,date derived from filesystem modification time; needs review; temporary-looking name; retain until validation review
apps/desktop/models/smoke_cv_test/fold_session_005/confusion_matrix.csv,artifacts/legacy-unclassified/smoke_cv_test/fold_session_005/confusion_matrix.csv,csv-artifact,unknown-model,gesture-classification,standard,cross-session-cv,2026-07-08,42,c76c68e00756168b45594c047214153dc56890f4189dbd1d286ec3239c92e939,temporary-review,date derived from filesystem modification time; needs review; temporary-looking name; retain until validation review
apps/desktop/models/smoke_cv_test/fold_session_005/gesture_classifier.pt,artifacts/legacy-unclassified/smoke_cv_test/fold_session_005/gesture_classifier.pt,pytorch-model,unknown-model,gesture-classification,standard,cross-session-cv,2026-07-08,42,350f97b102639caa0ba5b9750ab67a97241e37109e395f0913846d3fcdfd4551,temporary-review,date derived from filesystem modification time; needs review; temporary-looking name; retain until validation review
apps/desktop/models/smoke_cv_test/fold_session_005/gesture_labels.json,artifacts/legacy-unclassified/smoke_cv_test/fold_session_005/gesture_labels.json,json-metadata,unknown-model,gesture-classification,standard,cross-session-cv,2026-07-08,42,eff5e7e5e1995d20839cc4d8aa09b79e2fa0ec3e8e8fc3c199c2c7b9fa70e681,temporary-review,date derived from filesystem modification time; needs review; temporary-looking name; retain until validation review
apps/desktop/models/smoke_cv_test/fold_session_005/model_info.json,artifacts/legacy-unclassified/smoke_cv_test/fold_session_005/model_info.json,json-metadata,unknown-model,gesture-classification,standard,cross-session-cv,2026-07-08,42,352cf3d1b886b5f7c114e68238b7f45f740986390ed60dd3bf1924266e19f9b5,temporary-review,date derived from filesystem modification time; needs review; temporary-looking name; retain until validation review
apps/desktop/models/smoke_cv_test/fold_session_005/normalization.json,artifacts/legacy-unclassified/smoke_cv_test/fold_session_005/normalization.json,json-metadata,unknown-model,gesture-classification,standard,cross-session-cv,2026-07-08,42,b44c99a3fc3c9a52ee3fd9208c8ca230e258828150f464b1d5a3135d61c680a9,temporary-review,date derived from filesystem modification time; needs review; temporary-looking name; retain until validation review
apps/desktop/models/smoke_cv_test/fold_session_005/train_report.json,artifacts/legacy-unclassified/smoke_cv_test/fold_session_005/train_report.json,json-report,unknown-model,gesture-classification,standard,cross-session-cv,2026-07-08,42,c756fb6c8b5a8ccf5ca1592440e41e9aac2ebc668ae83b9fcdda17defc183137,temporary-review,date derived from filesystem modification time; needs review; temporary-looking name; retain until validation review
apps/desktop/models/smoke_device_test/confusion_matrix.csv,artifacts/legacy-unclassified/smoke_device_test/confusion_matrix.csv,csv-artifact,unknown-model,gesture-classification,standard,session-split,2026-07-08,42,a190ee17b264188893f702ae24ee83c7d9635c7f682c03e3bec87f46cb3e6f10,temporary-review,date derived from filesystem modification time; needs review; temporary-looking name; retain until validation review
apps/desktop/models/smoke_device_test/gesture_classifier.pt,artifacts/legacy-unclassified/smoke_device_test/gesture_classifier.pt,pytorch-model,unknown-model,gesture-classification,standard,session-split,2026-07-08,42,dc8599c9f883341370659a57dfd51c3fc4c5f624685b574eeb3bb6b3c782480e,temporary-review,date derived from filesystem modification time; needs review; temporary-looking name; retain until validation review
apps/desktop/models/smoke_device_test/gesture_labels.json,artifacts/legacy-unclassified/smoke_device_test/gesture_labels.json,json-metadata,unknown-model,gesture-classification,standard,session-split,2026-07-08,42,eff5e7e5e1995d20839cc4d8aa09b79e2fa0ec3e8e8fc3c199c2c7b9fa70e681,temporary-review,date derived from filesystem modification time; needs review; temporary-looking name; retain until validation review
apps/desktop/models/smoke_device_test/model_info.json,artifacts/legacy-unclassified/smoke_device_test/model_info.json,json-metadata,unknown-model,gesture-classification,standard,session-split,2026-07-08,42,06c15603eda0ac2f0fe8ef8b745abb953428bb5c77d890d5662c4324259345a8,temporary-review,date derived from filesystem modification time; needs review; temporary-looking name; retain until validation review
apps/desktop/models/smoke_device_test/normalization.json,artifacts/legacy-unclassified/smoke_device_test/normalization.json,json-metadata,unknown-model,gesture-classification,standard,session-split,2026-07-08,42,b44c99a3fc3c9a52ee3fd9208c8ca230e258828150f464b1d5a3135d61c680a9,temporary-review,date derived from filesystem modification time; needs review; temporary-looking name; retain until validation review
apps/desktop/models/smoke_device_test/train_report.json,artifacts/legacy-unclassified/smoke_device_test/train_report.json,json-report,unknown-model,gesture-classification,standard,session-split,2026-07-08,42,6548a6c7d01c821062c4cddc8b42582daa333fe7c4e000e3d4134327ef5d285f,temporary-review,date derived from filesystem modification time; needs review; temporary-looking name; retain until validation review
apps/desktop/reports/effie_smoothing_light_session001/realtime_smoothing_log.csv,artifacts/reports/effie/realtime-smoothing-evaluation/2026-07-09__seed-unknown/realtime_smoothing_log.csv,csv-report,effie,realtime-smoothing-evaluation,evaluation,session-replay,2026-07-09,unknown,f0642ec33082edb7d2c72c635a45d8036457e32056108cf2435f6c713d2c4d05,classified-proposed,date derived from filesystem modification time; needs review
apps/desktop/reports/effie_smoothing_light_session001/summary.json,artifacts/reports/effie/realtime-smoothing-evaluation/2026-07-09__seed-unknown/summary.json,json-report,effie,realtime-smoothing-evaluation,evaluation,session-replay,2026-07-09,unknown,7b54433c41921abbf0e2cf90478d0f79578845cce316377f0c4ed778ae27d1d7,classified-proposed,date derived from filesystem modification time; needs review
apps/desktop/reports/effie_smoothing_raw_session001/realtime_smoothing_log.csv,artifacts/reports/effie/realtime-smoothing-evaluation/2026-07-09__seed-unknown/realtime_smoothing_log.csv,csv-report,effie,realtime-smoothing-evaluation,evaluation,session-replay,2026-07-09,unknown,96bcd352fe024fe6c1e1df537a26b33d899d1b2f31c7f86de076e1a4e26b9c66,classified-proposed,date derived from filesystem modification time; needs review
apps/desktop/reports/effie_smoothing_raw_session001/summary.json,artifacts/reports/effie/realtime-smoothing-evaluation/2026-07-09__seed-unknown/summary.json,json-report,effie,realtime-smoothing-evaluation,evaluation,session-replay,2026-07-09,unknown,efe0bf043e3b32811954edb88087fe58ac5729d4274ca29d696a3c366cbc2c2a,classified-proposed,date derived from filesystem modification time; needs review
apps/desktop/reports/effie_smoothing_smooth_session001/realtime_smoothing_log.csv,artifacts/reports/effie/realtime-smoothing-evaluation/2026-07-09__seed-unknown/realtime_smoothing_log.csv,csv-report,effie,realtime-smoothing-evaluation,evaluation,session-replay,2026-07-09,unknown,055a134545ed3ba8b42fe5b0230124098a6b1d371c3c48929b807fba1600e8bf,classified-proposed,date derived from filesystem modification time; needs review
apps/desktop/reports/effie_smoothing_smooth_session001/summary.json,artifacts/reports/effie/realtime-smoothing-evaluation/2026-07-09__seed-unknown/summary.json,json-report,effie,realtime-smoothing-evaluation,evaluation,session-replay,2026-07-09,unknown,7ebf276368053ec44803b31da014363ed5d5d686ceffbc0932b80f56b56773f1,classified-proposed,date derived from filesystem modification time; needs review
apps/desktop/reports/effie_smoothing_sweep_session001/realtime_smoothing_log.csv,artifacts/reports/effie/realtime-smoothing-evaluation/2026-07-09__seed-unknown/realtime_smoothing_log.csv,csv-report,effie,realtime-smoothing-evaluation,evaluation,session-replay,2026-07-09,unknown,c7d9cb147b2f8328ac4d0ec117ad9f983de4ded4537ffa6fced7646f18e4b6d4,classified-proposed,date derived from filesystem modification time; needs review
apps/desktop/reports/effie_smoothing_sweep_session001/summary.json,artifacts/reports/effie/realtime-smoothing-evaluation/2026-07-09__seed-unknown/summary.json,json-report,effie,realtime-smoothing-evaluation,evaluation,session-replay,2026-07-09,unknown,c33a2580b9ba55cf04b062f85a4ccab0f4e5b32582fd1601f890072646cfb7e6,classified-proposed,date derived from filesystem modification time; needs review
apps/desktop/reports/effie_smoothing_sweep_session001/sweep_summary.csv,artifacts/reports/effie/realtime-smoothing-evaluation/2026-07-09__seed-unknown/sweep_summary.csv,csv-report,effie,realtime-smoothing-evaluation,evaluation,session-replay,2026-07-09,unknown,7549f346d491b2549e4a6055a3b9ce303cc24e41a2de60a75960ca3082edb835,classified-proposed,date derived from filesystem modification time; needs review
apps/desktop/reports/smoothing_raw_session001/realtime_smoothing_log.csv,artifacts/reports/unknown-model/realtime-smoothing-evaluation/2026-07-09__seed-unknown/realtime_smoothing_log.csv,csv-report,unknown-model,realtime-smoothing-evaluation,evaluation,session-replay,2026-07-09,unknown,4537b4afe4be5dbd3debc35a39b473dbbbf575baca1b040797ce273b7d4f04c8,classified-proposed,date derived from filesystem modification time; needs review
apps/desktop/reports/smoothing_raw_session001/summary.json,artifacts/reports/unknown-model/realtime-smoothing-evaluation/2026-07-09__seed-unknown/summary.json,json-report,unknown-model,realtime-smoothing-evaluation,evaluation,session-replay,2026-07-09,unknown,dd195acc6ac283770bd0f91d6e3e65f6ca9cc9dca7a37b9cb95910fa64286a02,classified-proposed,date derived from filesystem modification time; needs review
